ISO-10303-21;
HEADER;
/* Generated by software containing ST-Developer
 * from STEP Tools, Inc. (www.steptools.com) 
 */
/* OPTION: using custom renumber hook */

FILE_DESCRIPTION(
/* description */ ('STEP AP242 Edition 2',
'CAx-IF Rec.Pracs.---Representation and Presentation of Product Manufa
cturing Information (PMI)---4.0---2014-10-13',
'CAx-IF Rec.Pracs.---3D Tessellated Geometry---0.4---2014-09-14','2;1',
'CAx-IF Rec.Pracs.---User Defined Attributes---1.5---2016-08-15'),
/* implementation_level */ '2;1');

FILE_NAME(
/* name */ '699555204d9a72864ffe35d9',
/* time_stamp */ '2026-02-18T05:58:57Z',
/* author */ (''),
/* organization */ (''),
/* preprocessor_version */ 'ST-DEVELOPER v20',
/* originating_system */ 'ONSHAPE BY PTC INC, 1.210',
/* authorisation */ '  ');

FILE_SCHEMA (('AP242_MANAGED_MODEL_BASED_3D_ENGINEERING_MIM_LF { 1 0 10303 442 3 1 4 }'));
ENDSEC;

DATA;
#10=B_SPLINE_SURFACE_WITH_KNOTS('',3,1,((#3527,#3528),(#3529,#3530),(#3531,
#3532),(#3533,#3534)),.SURF_OF_LINEAR_EXTRUSION.,.F.,.F.,.F.,(4,4),(2,2),
(0.,1.),(0.,1.),.PIECEWISE_BEZIER_KNOTS.);
#11=B_SPLINE_SURFACE_WITH_KNOTS('',3,1,((#3540,#3541),(#3542,#3543),(#3544,
#3545),(#3546,#3547)),.SURF_OF_LINEAR_EXTRUSION.,.F.,.F.,.F.,(4,4),(2,2),
(0.,1.),(0.,1.),.PIECEWISE_BEZIER_KNOTS.);
#12=B_SPLINE_SURFACE_WITH_KNOTS('',3,1,((#3557,#3558),(#3559,#3560),(#3561,
#3562),(#3563,#3564)),.SURF_OF_LINEAR_EXTRUSION.,.F.,.F.,.F.,(4,4),(2,2),
(0.,1.),(0.,1.),.PIECEWISE_BEZIER_KNOTS.);
#13=B_SPLINE_SURFACE_WITH_KNOTS('',3,1,((#3570,#3571),(#3572,#3573),(#3574,
#3575),(#3576,#3577)),.SURF_OF_LINEAR_EXTRUSION.,.F.,.F.,.F.,(4,4),(2,2),
(0.,1.),(0.,1.),.PIECEWISE_BEZIER_KNOTS.);
#14=B_SPLINE_CURVE_WITH_KNOTS('',2,(#3441,#3442,#3443),.UNSPECIFIED.,.F.,
 .F.,(3,3),(0.,1.),.PIECEWISE_BEZIER_KNOTS.);
#15=B_SPLINE_CURVE_WITH_KNOTS('',2,(#3445,#3446,#3447),.UNSPECIFIED.,.F.,
 .F.,(3,3),(0.,1.),.PIECEWISE_BEZIER_KNOTS.);
#16=B_SPLINE_CURVE_WITH_KNOTS('',2,(#3451,#3452,#3453),.UNSPECIFIED.,.F.,
 .F.,(3,3),(0.,1.),.PIECEWISE_BEZIER_KNOTS.);
#17=B_SPLINE_CURVE_WITH_KNOTS('',2,(#3455,#3456,#3457),.UNSPECIFIED.,.F.,
 .F.,(3,3),(0.,1.),.PIECEWISE_BEZIER_KNOTS.);
#18=B_SPLINE_CURVE_WITH_KNOTS('',2,(#3537,#3538,#3539),.UNSPECIFIED.,.F.,
 .F.,(3,3),(0.,1.),.PIECEWISE_BEZIER_KNOTS.);
#19=B_SPLINE_CURVE_WITH_KNOTS('',2,(#3550,#3551,#3552),.UNSPECIFIED.,.F.,
 .F.,(3,3),(0.,1.),.PIECEWISE_BEZIER_KNOTS.);
#20=B_SPLINE_CURVE_WITH_KNOTS('',2,(#3567,#3568,#3569),.UNSPECIFIED.,.F.,
 .F.,(3,3),(0.,1.),.PIECEWISE_BEZIER_KNOTS.);
#21=B_SPLINE_CURVE_WITH_KNOTS('',2,(#3580,#3581,#3582),.UNSPECIFIED.,.F.,
 .F.,(3,3),(0.,1.),.PIECEWISE_BEZIER_KNOTS.);
#22=SHAPE_REPRESENTATION_RELATIONSHIP('','',#2309,#24);
#23=SHAPE_REPRESENTATION_RELATIONSHIP('','',#2310,#25);
#24=ADVANCED_BREP_SHAPE_REPRESENTATION('',(#2305),#3949);
#25=ADVANCED_BREP_SHAPE_REPRESENTATION('',(#2306),#3950);
#26=TOROIDAL_SURFACE('',#2344,0.00254,0.00254);
#27=TOROIDAL_SURFACE('',#2351,0.00254,0.00254);
#28=TOROIDAL_SURFACE('',#2353,0.00254,0.00254);
#29=TOROIDAL_SURFACE('',#2359,0.00254,0.00254);
#30=CYLINDRICAL_SURFACE('',#2336,0.00508);
#31=CYLINDRICAL_SURFACE('',#2338,0.00508);
#32=CYLINDRICAL_SURFACE('',#2340,0.00508);
#33=CYLINDRICAL_SURFACE('',#2342,0.00508);
#34=CYLINDRICAL_SURFACE('',#2347,0.00254);
#35=CYLINDRICAL_SURFACE('',#2349,0.00254);
#36=CYLINDRICAL_SURFACE('',#2355,0.00254);
#37=CYLINDRICAL_SURFACE('',#2357,0.00254);
#38=CYLINDRICAL_SURFACE('',#2393,0.00215042024638475);
#39=CYLINDRICAL_SURFACE('',#2402,0.00215042024638016);
#40=CYLINDRICAL_SURFACE('',#2404,0.00239538134794604);
#41=CYLINDRICAL_SURFACE('',#2406,0.00214837760772339);
#42=CYLINDRICAL_SURFACE('',#2409,0.0021483776077234);
#43=CYLINDRICAL_SURFACE('',#2411,0.00239538134794605);
#44=CYLINDRICAL_SURFACE('',#2415,0.000207880680445516);
#45=CYLINDRICAL_SURFACE('',#2418,0.000161043010711038);
#46=CYLINDRICAL_SURFACE('',#2422,0.000188699282928004);
#47=CYLINDRICAL_SURFACE('',#2425,0.000188699282928018);
#48=CYLINDRICAL_SURFACE('',#2429,0.000215347733137881);
#49=CYLINDRICAL_SURFACE('',#2432,0.000178232675703632);
#50=CYLINDRICAL_SURFACE('',#2436,0.000153276163200358);
#51=CYLINDRICAL_SURFACE('',#2443,0.00223757767065654);
#52=CYLINDRICAL_SURFACE('',#2445,0.00228179136266104);
#53=CYLINDRICAL_SURFACE('',#2447,0.00219017414880444);
#54=CYLINDRICAL_SURFACE('',#2450,0.00215042024637959);
#55=CYLINDRICAL_SURFACE('',#2452,0.00237423867287842);
#56=CYLINDRICAL_SURFACE('',#2454,0.00218798013597759);
#57=CYLINDRICAL_SURFACE('',#2457,0.000238765148914341);
#58=CYLINDRICAL_SURFACE('',#2462,0.000188699282924691);
#59=CYLINDRICAL_SURFACE('',#2465,0.000188699282924687);
#60=CYLINDRICAL_SURFACE('',#2469,0.000188699282924726);
#61=CYLINDRICAL_SURFACE('',#2472,0.000188699282927954);
#62=CYLINDRICAL_SURFACE('',#2476,0.000161043010722851);
#63=CYLINDRICAL_SURFACE('',#2479,0.000207880680432832);
#64=CYLINDRICAL_SURFACE('',#2483,0.000207880680445424);
#65=CYLINDRICAL_SURFACE('',#2487,0.000188699282927956);
#66=CYLINDRICAL_SURFACE('',#2490,0.000188699282925023);
#67=CYLINDRICAL_SURFACE('',#2494,0.000188699282925684);
#68=CYLINDRICAL_SURFACE('',#2497,0.000188699282927955);
#69=CYLINDRICAL_SURFACE('',#2501,0.000215347733127801);
#70=CYLINDRICAL_SURFACE('',#2504,0.000178232675703644);
#71=CYLINDRICAL_SURFACE('',#2508,0.000178232675703647);
#72=CYLINDRICAL_SURFACE('',#2513,0.00219017414880411);
#73=CYLINDRICAL_SURFACE('',#2515,0.00237428293594183);
#74=CYLINDRICAL_SURFACE('',#2517,0.0021483776077235);
#75=CYLINDRICAL_SURFACE('',#2520,0.00208444406591972);
#76=CYLINDRICAL_SURFACE('',#2522,0.00377772211114479);
#77=CYLINDRICAL_SURFACE('',#2524,0.00149606586491723);
#78=CYLINDRICAL_SURFACE('',#2526,0.00244763184127014);
#79=CYLINDRICAL_SURFACE('',#2529,0.00215510930008497);
#80=CYLINDRICAL_SURFACE('',#2531,0.00238446927794683);
#81=CYLINDRICAL_SURFACE('',#2533,0.00215510930008482);
#82=CYLINDRICAL_SURFACE('',#2535,0.000215347733127817);
#83=CYLINDRICAL_SURFACE('',#2539,0.000161043010674317);
#84=CIRCLE('',#2318,0.00508);
#85=CIRCLE('',#2319,0.00508);
#86=CIRCLE('',#2320,0.00508);
#87=CIRCLE('',#2321,0.00508);
#88=CIRCLE('',#2327,0.00254);
#89=CIRCLE('',#2328,0.00254);
#90=CIRCLE('',#2329,0.00254);
#91=CIRCLE('',#2330,0.00254);
#92=CIRCLE('',#2337,0.00508);
#93=CIRCLE('',#2339,0.00508);
#94=CIRCLE('',#2341,0.00508);
#95=CIRCLE('',#2343,0.00508);
#96=CIRCLE('',#2345,0.00254);
#97=CIRCLE('',#2346,0.00254);
#98=CIRCLE('',#2348,0.00254);
#99=CIRCLE('',#2350,0.00254);
#100=CIRCLE('',#2352,0.00254);
#101=CIRCLE('',#2354,0.00254);
#102=CIRCLE('',#2356,0.00254);
#103=CIRCLE('',#2358,0.00254);
#104=CIRCLE('',#2366,0.00218798013597759);
#105=CIRCLE('',#2367,0.00237423867287842);
#106=CIRCLE('',#2368,0.00215042024637959);
#107=CIRCLE('',#2369,0.00219017414880444);
#108=CIRCLE('',#2370,0.00228179136266104);
#109=CIRCLE('',#2371,0.00223757767065654);
#110=CIRCLE('',#2372,0.00215042024638475);
#111=CIRCLE('',#2373,0.00239538134794605);
#112=CIRCLE('',#2374,0.0021483776077234);
#113=CIRCLE('',#2375,0.00214837760772339);
#114=CIRCLE('',#2376,0.00239538134794604);
#115=CIRCLE('',#2377,0.00215042024638016);
#116=CIRCLE('',#2378,0.00215510930008482);
#117=CIRCLE('',#2379,0.00238446927794683);
#118=CIRCLE('',#2380,0.00215510930008497);
#119=CIRCLE('',#2381,0.00244763184127014);
#120=CIRCLE('',#2382,0.00149606586491723);
#121=CIRCLE('',#2383,0.00377772211114479);
#122=CIRCLE('',#2384,0.00208444406591972);
#123=CIRCLE('',#2385,0.0021483776077235);
#124=CIRCLE('',#2386,0.00237428293594183);
#125=CIRCLE('',#2387,0.00219017414880411);
#126=CIRCLE('',#2394,0.00215042024638475);
#127=CIRCLE('',#2403,0.00215042024638016);
#128=CIRCLE('',#2405,0.00239538134794604);
#129=CIRCLE('',#2407,0.00214837760772339);
#130=CIRCLE('',#2410,0.0021483776077234);
#131=CIRCLE('',#2412,0.00239538134794605);
#132=CIRCLE('',#2416,0.000207880680445516);
#133=CIRCLE('',#2417,0.000207880680445516);
#134=CIRCLE('',#2419,0.000161043010711038);
#135=CIRCLE('',#2420,0.000161043010711038);
#136=CIRCLE('',#2423,0.000188699282928004);
#137=CIRCLE('',#2424,0.000188699282928004);
#138=CIRCLE('',#2426,0.000188699282928018);
#139=CIRCLE('',#2427,0.000188699282928018);
#140=CIRCLE('',#2430,0.000215347733137881);
#141=CIRCLE('',#2431,0.000215347733137881);
#142=CIRCLE('',#2433,0.000178232675703632);
#143=CIRCLE('',#2434,0.000178232675703632);
#144=CIRCLE('',#2437,0.000153276163200358);
#145=CIRCLE('',#2438,0.000153276163200358);
#146=CIRCLE('',#2444,0.00223757767065654);
#147=CIRCLE('',#2446,0.00228179136266104);
#148=CIRCLE('',#2448,0.00219017414880444);
#149=CIRCLE('',#2451,0.00215042024637959);
#150=CIRCLE('',#2453,0.00237423867287842);
#151=CIRCLE('',#2455,0.00218798013597759);
#152=CIRCLE('',#2458,0.000238765148914341);
#153=CIRCLE('',#2459,0.000238765148914341);
#154=CIRCLE('',#2463,0.000188699282924691);
#155=CIRCLE('',#2464,0.000188699282924691);
#156=CIRCLE('',#2466,0.000188699282924687);
#157=CIRCLE('',#2467,0.000188699282924687);
#158=CIRCLE('',#2470,0.000188699282924726);
#159=CIRCLE('',#2471,0.000188699282924726);
#160=CIRCLE('',#2473,0.000188699282927954);
#161=CIRCLE('',#2474,0.000188699282927954);
#162=CIRCLE('',#2477,0.000161043010722851);
#163=CIRCLE('',#2478,0.000161043010722851);
#164=CIRCLE('',#2480,0.000207880680432832);
#165=CIRCLE('',#2481,0.000207880680432832);
#166=CIRCLE('',#2484,0.000207880680445424);
#167=CIRCLE('',#2485,0.000207880680445424);
#168=CIRCLE('',#2488,0.000188699282927956);
#169=CIRCLE('',#2489,0.000188699282927956);
#170=CIRCLE('',#2491,0.000188699282925023);
#171=CIRCLE('',#2492,0.000188699282925023);
#172=CIRCLE('',#2495,0.000188699282925684);
#173=CIRCLE('',#2496,0.000188699282925684);
#174=CIRCLE('',#2498,0.000188699282927955);
#175=CIRCLE('',#2499,0.000188699282927955);
#176=CIRCLE('',#2502,0.000215347733127801);
#177=CIRCLE('',#2503,0.000215347733127801);
#178=CIRCLE('',#2505,0.000178232675703644);
#179=CIRCLE('',#2506,0.000178232675703644);
#180=CIRCLE('',#2509,0.000178232675703647);
#181=CIRCLE('',#2510,0.000178232675703647);
#182=CIRCLE('',#2514,0.00219017414880411);
#183=CIRCLE('',#2516,0.00237428293594183);
#184=CIRCLE('',#2518,0.0021483776077235);
#185=CIRCLE('',#2521,0.00208444406591972);
#186=CIRCLE('',#2523,0.00377772211114479);
#187=CIRCLE('',#2525,0.00149606586491723);
#188=CIRCLE('',#2527,0.00244763184127014);
#189=CIRCLE('',#2530,0.00215510930008497);
#190=CIRCLE('',#2532,0.00238446927794683);
#191=CIRCLE('',#2534,0.00215510930008482);
#192=CIRCLE('',#2536,0.000215347733127817);
#193=CIRCLE('',#2537,0.000215347733127817);
#194=CIRCLE('',#2540,0.000161043010674317);
#195=CIRCLE('',#2541,0.000161043010674317);
#196=ORIENTED_EDGE('',*,*,#858,.T.);
#197=ORIENTED_EDGE('',*,*,#859,.T.);
#198=ORIENTED_EDGE('',*,*,#860,.T.);
#199=ORIENTED_EDGE('',*,*,#861,.T.);
#200=ORIENTED_EDGE('',*,*,#862,.F.);
#201=ORIENTED_EDGE('',*,*,#863,.T.);
#202=ORIENTED_EDGE('',*,*,#864,.T.);
#203=ORIENTED_EDGE('',*,*,#865,.F.);
#204=ORIENTED_EDGE('',*,*,#866,.F.);
#205=ORIENTED_EDGE('',*,*,#867,.F.);
#206=ORIENTED_EDGE('',*,*,#868,.T.);
#207=ORIENTED_EDGE('',*,*,#869,.T.);
#208=ORIENTED_EDGE('',*,*,#870,.T.);
#209=ORIENTED_EDGE('',*,*,#871,.T.);
#210=ORIENTED_EDGE('',*,*,#872,.F.);
#211=ORIENTED_EDGE('',*,*,#873,.F.);
#212=ORIENTED_EDGE('',*,*,#874,.T.);
#213=ORIENTED_EDGE('',*,*,#875,.T.);
#214=ORIENTED_EDGE('',*,*,#876,.T.);
#215=ORIENTED_EDGE('',*,*,#877,.F.);
#216=ORIENTED_EDGE('',*,*,#878,.T.);
#217=ORIENTED_EDGE('',*,*,#879,.T.);
#218=ORIENTED_EDGE('',*,*,#880,.T.);
#219=ORIENTED_EDGE('',*,*,#881,.F.);
#220=ORIENTED_EDGE('',*,*,#882,.T.);
#221=ORIENTED_EDGE('',*,*,#883,.T.);
#222=ORIENTED_EDGE('',*,*,#884,.T.);
#223=ORIENTED_EDGE('',*,*,#885,.T.);
#224=ORIENTED_EDGE('',*,*,#885,.F.);
#225=ORIENTED_EDGE('',*,*,#886,.T.);
#226=ORIENTED_EDGE('',*,*,#861,.F.);
#227=ORIENTED_EDGE('',*,*,#887,.T.);
#228=ORIENTED_EDGE('',*,*,#877,.T.);
#229=ORIENTED_EDGE('',*,*,#888,.T.);
#230=ORIENTED_EDGE('',*,*,#881,.T.);
#231=ORIENTED_EDGE('',*,*,#889,.T.);
#232=ORIENTED_EDGE('',*,*,#890,.F.);
#233=ORIENTED_EDGE('',*,*,#891,.F.);
#234=ORIENTED_EDGE('',*,*,#892,.T.);
#235=ORIENTED_EDGE('',*,*,#893,.T.);
#236=ORIENTED_EDGE('',*,*,#894,.T.);
#237=ORIENTED_EDGE('',*,*,#895,.F.);
#238=ORIENTED_EDGE('',*,*,#896,.F.);
#239=ORIENTED_EDGE('',*,*,#891,.T.);
#240=ORIENTED_EDGE('',*,*,#897,.T.);
#241=ORIENTED_EDGE('',*,*,#898,.F.);
#242=ORIENTED_EDGE('',*,*,#899,.F.);
#243=ORIENTED_EDGE('',*,*,#895,.T.);
#244=ORIENTED_EDGE('',*,*,#900,.F.);
#245=ORIENTED_EDGE('',*,*,#893,.F.);
#246=ORIENTED_EDGE('',*,*,#901,.T.);
#247=ORIENTED_EDGE('',*,*,#898,.T.);
#248=ORIENTED_EDGE('',*,*,#902,.T.);
#249=ORIENTED_EDGE('',*,*,#903,.T.);
#250=ORIENTED_EDGE('',*,*,#904,.T.);
#251=ORIENTED_EDGE('',*,*,#905,.T.);
#252=ORIENTED_EDGE('',*,*,#906,.T.);
#253=ORIENTED_EDGE('',*,*,#907,.T.);
#254=ORIENTED_EDGE('',*,*,#908,.T.);
#255=ORIENTED_EDGE('',*,*,#909,.T.);
#256=ORIENTED_EDGE('',*,*,#892,.F.);
#257=ORIENTED_EDGE('',*,*,#896,.T.);
#258=ORIENTED_EDGE('',*,*,#899,.T.);
#259=ORIENTED_EDGE('',*,*,#901,.F.);
#260=ORIENTED_EDGE('',*,*,#910,.F.);
#261=ORIENTED_EDGE('',*,*,#911,.T.);
#262=ORIENTED_EDGE('',*,*,#912,.T.);
#263=ORIENTED_EDGE('',*,*,#868,.F.);
#264=ORIENTED_EDGE('',*,*,#890,.T.);
#265=ORIENTED_EDGE('',*,*,#900,.T.);
#266=ORIENTED_EDGE('',*,*,#897,.F.);
#267=ORIENTED_EDGE('',*,*,#894,.F.);
#268=ORIENTED_EDGE('',*,*,#913,.F.);
#269=ORIENTED_EDGE('',*,*,#914,.T.);
#270=ORIENTED_EDGE('',*,*,#866,.T.);
#271=ORIENTED_EDGE('',*,*,#915,.F.);
#272=ORIENTED_EDGE('',*,*,#915,.T.);
#273=ORIENTED_EDGE('',*,*,#869,.F.);
#274=ORIENTED_EDGE('',*,*,#912,.F.);
#275=ORIENTED_EDGE('',*,*,#916,.T.);
#276=ORIENTED_EDGE('',*,*,#913,.T.);
#277=ORIENTED_EDGE('',*,*,#916,.F.);
#278=ORIENTED_EDGE('',*,*,#911,.F.);
#279=ORIENTED_EDGE('',*,*,#917,.T.);
#280=ORIENTED_EDGE('',*,*,#914,.F.);
#281=ORIENTED_EDGE('',*,*,#917,.F.);
#282=ORIENTED_EDGE('',*,*,#910,.T.);
#283=ORIENTED_EDGE('',*,*,#867,.T.);
#284=ORIENTED_EDGE('',*,*,#884,.F.);
#285=ORIENTED_EDGE('',*,*,#918,.T.);
#286=ORIENTED_EDGE('',*,*,#858,.F.);
#287=ORIENTED_EDGE('',*,*,#886,.F.);
#288=ORIENTED_EDGE('',*,*,#880,.F.);
#289=ORIENTED_EDGE('',*,*,#919,.T.);
#290=ORIENTED_EDGE('',*,*,#882,.F.);
#291=ORIENTED_EDGE('',*,*,#889,.F.);
#292=ORIENTED_EDGE('',*,*,#876,.F.);
#293=ORIENTED_EDGE('',*,*,#920,.T.);
#294=ORIENTED_EDGE('',*,*,#878,.F.);
#295=ORIENTED_EDGE('',*,*,#888,.F.);
#296=ORIENTED_EDGE('',*,*,#860,.F.);
#297=ORIENTED_EDGE('',*,*,#921,.T.);
#298=ORIENTED_EDGE('',*,*,#874,.F.);
#299=ORIENTED_EDGE('',*,*,#887,.F.);
#300=ORIENTED_EDGE('',*,*,#922,.F.);
#301=ORIENTED_EDGE('',*,*,#918,.F.);
#302=ORIENTED_EDGE('',*,*,#923,.F.);
#303=ORIENTED_EDGE('',*,*,#907,.F.);
#304=ORIENTED_EDGE('',*,*,#923,.T.);
#305=ORIENTED_EDGE('',*,*,#883,.F.);
#306=ORIENTED_EDGE('',*,*,#924,.F.);
#307=ORIENTED_EDGE('',*,*,#908,.F.);
#308=ORIENTED_EDGE('',*,*,#922,.T.);
#309=ORIENTED_EDGE('',*,*,#906,.F.);
#310=ORIENTED_EDGE('',*,*,#925,.F.);
#311=ORIENTED_EDGE('',*,*,#859,.F.);
#312=ORIENTED_EDGE('',*,*,#924,.T.);
#313=ORIENTED_EDGE('',*,*,#919,.F.);
#314=ORIENTED_EDGE('',*,*,#926,.F.);
#315=ORIENTED_EDGE('',*,*,#909,.F.);
#316=ORIENTED_EDGE('',*,*,#925,.T.);
#317=ORIENTED_EDGE('',*,*,#905,.F.);
#318=ORIENTED_EDGE('',*,*,#927,.F.);
#319=ORIENTED_EDGE('',*,*,#921,.F.);
#320=ORIENTED_EDGE('',*,*,#926,.T.);
#321=ORIENTED_EDGE('',*,*,#879,.F.);
#322=ORIENTED_EDGE('',*,*,#928,.F.);
#323=ORIENTED_EDGE('',*,*,#902,.F.);
#324=ORIENTED_EDGE('',*,*,#927,.T.);
#325=ORIENTED_EDGE('',*,*,#904,.F.);
#326=ORIENTED_EDGE('',*,*,#929,.F.);
#327=ORIENTED_EDGE('',*,*,#875,.F.);
#328=ORIENTED_EDGE('',*,*,#928,.T.);
#329=ORIENTED_EDGE('',*,*,#920,.F.);
#330=ORIENTED_EDGE('',*,*,#929,.T.);
#331=ORIENTED_EDGE('',*,*,#903,.F.);
#332=ORIENTED_EDGE('',*,*,#930,.T.);
#333=ORIENTED_EDGE('',*,*,#863,.F.);
#334=ORIENTED_EDGE('',*,*,#931,.F.);
#335=ORIENTED_EDGE('',*,*,#871,.F.);
#336=ORIENTED_EDGE('',*,*,#872,.T.);
#337=ORIENTED_EDGE('',*,*,#931,.T.);
#338=ORIENTED_EDGE('',*,*,#862,.T.);
#339=ORIENTED_EDGE('',*,*,#932,.F.);
#340=ORIENTED_EDGE('',*,*,#873,.T.);
#341=ORIENTED_EDGE('',*,*,#932,.T.);
#342=ORIENTED_EDGE('',*,*,#865,.T.);
#343=ORIENTED_EDGE('',*,*,#933,.F.);
#344=ORIENTED_EDGE('',*,*,#933,.T.);
#345=ORIENTED_EDGE('',*,*,#864,.F.);
#346=ORIENTED_EDGE('',*,*,#930,.F.);
#347=ORIENTED_EDGE('',*,*,#870,.F.);
#348=ORIENTED_EDGE('',*,*,#934,.T.);
#349=ORIENTED_EDGE('',*,*,#935,.T.);
#350=ORIENTED_EDGE('',*,*,#936,.T.);
#351=ORIENTED_EDGE('',*,*,#937,.T.);
#352=ORIENTED_EDGE('',*,*,#938,.T.);
#353=ORIENTED_EDGE('',*,*,#939,.T.);
#354=ORIENTED_EDGE('',*,*,#940,.T.);
#355=ORIENTED_EDGE('',*,*,#941,.T.);
#356=ORIENTED_EDGE('',*,*,#942,.T.);
#357=ORIENTED_EDGE('',*,*,#943,.T.);
#358=ORIENTED_EDGE('',*,*,#944,.T.);
#359=ORIENTED_EDGE('',*,*,#945,.T.);
#360=ORIENTED_EDGE('',*,*,#946,.F.);
#361=ORIENTED_EDGE('',*,*,#947,.T.);
#362=ORIENTED_EDGE('',*,*,#948,.T.);
#363=ORIENTED_EDGE('',*,*,#949,.F.);
#364=ORIENTED_EDGE('',*,*,#950,.T.);
#365=ORIENTED_EDGE('',*,*,#951,.T.);
#366=ORIENTED_EDGE('',*,*,#952,.T.);
#367=ORIENTED_EDGE('',*,*,#953,.T.);
#368=ORIENTED_EDGE('',*,*,#954,.T.);
#369=ORIENTED_EDGE('',*,*,#955,.T.);
#370=ORIENTED_EDGE('',*,*,#956,.T.);
#371=ORIENTED_EDGE('',*,*,#957,.T.);
#372=ORIENTED_EDGE('',*,*,#958,.T.);
#373=ORIENTED_EDGE('',*,*,#959,.T.);
#374=ORIENTED_EDGE('',*,*,#960,.T.);
#375=ORIENTED_EDGE('',*,*,#961,.T.);
#376=ORIENTED_EDGE('',*,*,#962,.T.);
#377=ORIENTED_EDGE('',*,*,#963,.T.);
#378=ORIENTED_EDGE('',*,*,#964,.T.);
#379=ORIENTED_EDGE('',*,*,#965,.T.);
#380=ORIENTED_EDGE('',*,*,#966,.T.);
#381=ORIENTED_EDGE('',*,*,#967,.T.);
#382=ORIENTED_EDGE('',*,*,#968,.T.);
#383=ORIENTED_EDGE('',*,*,#969,.T.);
#384=ORIENTED_EDGE('',*,*,#970,.T.);
#385=ORIENTED_EDGE('',*,*,#971,.T.);
#386=ORIENTED_EDGE('',*,*,#972,.T.);
#387=ORIENTED_EDGE('',*,*,#973,.T.);
#388=ORIENTED_EDGE('',*,*,#974,.T.);
#389=ORIENTED_EDGE('',*,*,#975,.T.);
#390=ORIENTED_EDGE('',*,*,#976,.T.);
#391=ORIENTED_EDGE('',*,*,#977,.T.);
#392=ORIENTED_EDGE('',*,*,#978,.T.);
#393=ORIENTED_EDGE('',*,*,#979,.T.);
#394=ORIENTED_EDGE('',*,*,#980,.T.);
#395=ORIENTED_EDGE('',*,*,#981,.T.);
#396=ORIENTED_EDGE('',*,*,#982,.T.);
#397=ORIENTED_EDGE('',*,*,#983,.F.);
#398=ORIENTED_EDGE('',*,*,#984,.F.);
#399=ORIENTED_EDGE('',*,*,#946,.T.);
#400=ORIENTED_EDGE('',*,*,#985,.T.);
#401=ORIENTED_EDGE('',*,*,#986,.T.);
#402=ORIENTED_EDGE('',*,*,#987,.F.);
#403=ORIENTED_EDGE('',*,*,#947,.F.);
#404=ORIENTED_EDGE('',*,*,#984,.T.);
#405=ORIENTED_EDGE('',*,*,#988,.T.);
#406=ORIENTED_EDGE('',*,*,#989,.F.);
#407=ORIENTED_EDGE('',*,*,#948,.F.);
#408=ORIENTED_EDGE('',*,*,#987,.T.);
#409=ORIENTED_EDGE('',*,*,#990,.F.);
#410=ORIENTED_EDGE('',*,*,#985,.F.);
#411=ORIENTED_EDGE('',*,*,#949,.T.);
#412=ORIENTED_EDGE('',*,*,#989,.T.);
#413=ORIENTED_EDGE('',*,*,#983,.T.);
#414=ORIENTED_EDGE('',*,*,#990,.T.);
#415=ORIENTED_EDGE('',*,*,#988,.F.);
#416=ORIENTED_EDGE('',*,*,#986,.F.);
#417=ORIENTED_EDGE('',*,*,#951,.F.);
#418=ORIENTED_EDGE('',*,*,#991,.F.);
#419=ORIENTED_EDGE('',*,*,#992,.T.);
#420=ORIENTED_EDGE('',*,*,#993,.T.);
#421=ORIENTED_EDGE('',*,*,#950,.F.);
#422=ORIENTED_EDGE('',*,*,#994,.F.);
#423=ORIENTED_EDGE('',*,*,#995,.T.);
#424=ORIENTED_EDGE('',*,*,#991,.T.);
#425=ORIENTED_EDGE('',*,*,#967,.F.);
#426=ORIENTED_EDGE('',*,*,#996,.F.);
#427=ORIENTED_EDGE('',*,*,#997,.T.);
#428=ORIENTED_EDGE('',*,*,#994,.T.);
#429=ORIENTED_EDGE('',*,*,#966,.F.);
#430=ORIENTED_EDGE('',*,*,#998,.F.);
#431=ORIENTED_EDGE('',*,*,#999,.T.);
#432=ORIENTED_EDGE('',*,*,#996,.T.);
#433=ORIENTED_EDGE('',*,*,#965,.F.);
#434=ORIENTED_EDGE('',*,*,#1000,.F.);
#435=ORIENTED_EDGE('',*,*,#1001,.T.);
#436=ORIENTED_EDGE('',*,*,#998,.T.);
#437=ORIENTED_EDGE('',*,*,#964,.F.);
#438=ORIENTED_EDGE('',*,*,#1002,.F.);
#439=ORIENTED_EDGE('',*,*,#1003,.T.);
#440=ORIENTED_EDGE('',*,*,#1000,.T.);
#441=ORIENTED_EDGE('',*,*,#963,.F.);
#442=ORIENTED_EDGE('',*,*,#1004,.F.);
#443=ORIENTED_EDGE('',*,*,#1005,.T.);
#444=ORIENTED_EDGE('',*,*,#1002,.T.);
#445=ORIENTED_EDGE('',*,*,#962,.F.);
#446=ORIENTED_EDGE('',*,*,#1006,.F.);
#447=ORIENTED_EDGE('',*,*,#1007,.T.);
#448=ORIENTED_EDGE('',*,*,#1004,.T.);
#449=ORIENTED_EDGE('',*,*,#961,.F.);
#450=ORIENTED_EDGE('',*,*,#1008,.F.);
#451=ORIENTED_EDGE('',*,*,#1009,.T.);
#452=ORIENTED_EDGE('',*,*,#1006,.T.);
#453=ORIENTED_EDGE('',*,*,#960,.F.);
#454=ORIENTED_EDGE('',*,*,#1010,.F.);
#455=ORIENTED_EDGE('',*,*,#1011,.T.);
#456=ORIENTED_EDGE('',*,*,#1008,.T.);
#457=ORIENTED_EDGE('',*,*,#959,.F.);
#458=ORIENTED_EDGE('',*,*,#1012,.F.);
#459=ORIENTED_EDGE('',*,*,#1013,.T.);
#460=ORIENTED_EDGE('',*,*,#1010,.T.);
#461=ORIENTED_EDGE('',*,*,#958,.F.);
#462=ORIENTED_EDGE('',*,*,#1014,.F.);
#463=ORIENTED_EDGE('',*,*,#1015,.T.);
#464=ORIENTED_EDGE('',*,*,#1012,.T.);
#465=ORIENTED_EDGE('',*,*,#957,.F.);
#466=ORIENTED_EDGE('',*,*,#1016,.F.);
#467=ORIENTED_EDGE('',*,*,#1017,.T.);
#468=ORIENTED_EDGE('',*,*,#1014,.T.);
#469=ORIENTED_EDGE('',*,*,#956,.F.);
#470=ORIENTED_EDGE('',*,*,#1018,.F.);
#471=ORIENTED_EDGE('',*,*,#1019,.T.);
#472=ORIENTED_EDGE('',*,*,#1016,.T.);
#473=ORIENTED_EDGE('',*,*,#955,.F.);
#474=ORIENTED_EDGE('',*,*,#1020,.F.);
#475=ORIENTED_EDGE('',*,*,#1021,.T.);
#476=ORIENTED_EDGE('',*,*,#1018,.T.);
#477=ORIENTED_EDGE('',*,*,#954,.F.);
#478=ORIENTED_EDGE('',*,*,#1022,.F.);
#479=ORIENTED_EDGE('',*,*,#1023,.T.);
#480=ORIENTED_EDGE('',*,*,#1020,.T.);
#481=ORIENTED_EDGE('',*,*,#953,.F.);
#482=ORIENTED_EDGE('',*,*,#1024,.F.);
#483=ORIENTED_EDGE('',*,*,#1025,.T.);
#484=ORIENTED_EDGE('',*,*,#1022,.T.);
#485=ORIENTED_EDGE('',*,*,#952,.F.);
#486=ORIENTED_EDGE('',*,*,#993,.F.);
#487=ORIENTED_EDGE('',*,*,#1026,.T.);
#488=ORIENTED_EDGE('',*,*,#1024,.T.);
#489=ORIENTED_EDGE('',*,*,#992,.F.);
#490=ORIENTED_EDGE('',*,*,#995,.F.);
#491=ORIENTED_EDGE('',*,*,#997,.F.);
#492=ORIENTED_EDGE('',*,*,#999,.F.);
#493=ORIENTED_EDGE('',*,*,#1001,.F.);
#494=ORIENTED_EDGE('',*,*,#1003,.F.);
#495=ORIENTED_EDGE('',*,*,#1005,.F.);
#496=ORIENTED_EDGE('',*,*,#1007,.F.);
#497=ORIENTED_EDGE('',*,*,#1009,.F.);
#498=ORIENTED_EDGE('',*,*,#1011,.F.);
#499=ORIENTED_EDGE('',*,*,#1013,.F.);
#500=ORIENTED_EDGE('',*,*,#1015,.F.);
#501=ORIENTED_EDGE('',*,*,#1017,.F.);
#502=ORIENTED_EDGE('',*,*,#1019,.F.);
#503=ORIENTED_EDGE('',*,*,#1021,.F.);
#504=ORIENTED_EDGE('',*,*,#1023,.F.);
#505=ORIENTED_EDGE('',*,*,#1025,.F.);
#506=ORIENTED_EDGE('',*,*,#1026,.F.);
#507=ORIENTED_EDGE('',*,*,#1027,.F.);
#508=ORIENTED_EDGE('',*,*,#1028,.F.);
#509=ORIENTED_EDGE('',*,*,#1029,.T.);
#510=ORIENTED_EDGE('',*,*,#1030,.T.);
#511=ORIENTED_EDGE('',*,*,#1031,.F.);
#512=ORIENTED_EDGE('',*,*,#1032,.F.);
#513=ORIENTED_EDGE('',*,*,#1033,.T.);
#514=ORIENTED_EDGE('',*,*,#1028,.T.);
#515=ORIENTED_EDGE('',*,*,#1034,.F.);
#516=ORIENTED_EDGE('',*,*,#1035,.F.);
#517=ORIENTED_EDGE('',*,*,#1036,.T.);
#518=ORIENTED_EDGE('',*,*,#1032,.T.);
#519=ORIENTED_EDGE('',*,*,#1037,.F.);
#520=ORIENTED_EDGE('',*,*,#1038,.F.);
#521=ORIENTED_EDGE('',*,*,#1039,.T.);
#522=ORIENTED_EDGE('',*,*,#1035,.T.);
#523=ORIENTED_EDGE('',*,*,#1040,.F.);
#524=ORIENTED_EDGE('',*,*,#1041,.F.);
#525=ORIENTED_EDGE('',*,*,#1042,.T.);
#526=ORIENTED_EDGE('',*,*,#1038,.T.);
#527=ORIENTED_EDGE('',*,*,#1043,.F.);
#528=ORIENTED_EDGE('',*,*,#1044,.F.);
#529=ORIENTED_EDGE('',*,*,#1045,.T.);
#530=ORIENTED_EDGE('',*,*,#1041,.T.);
#531=ORIENTED_EDGE('',*,*,#1046,.F.);
#532=ORIENTED_EDGE('',*,*,#1047,.F.);
#533=ORIENTED_EDGE('',*,*,#1048,.T.);
#534=ORIENTED_EDGE('',*,*,#1044,.T.);
#535=ORIENTED_EDGE('',*,*,#1049,.F.);
#536=ORIENTED_EDGE('',*,*,#1050,.F.);
#537=ORIENTED_EDGE('',*,*,#1051,.T.);
#538=ORIENTED_EDGE('',*,*,#1047,.T.);
#539=ORIENTED_EDGE('',*,*,#1052,.F.);
#540=ORIENTED_EDGE('',*,*,#1053,.F.);
#541=ORIENTED_EDGE('',*,*,#1054,.T.);
#542=ORIENTED_EDGE('',*,*,#1050,.T.);
#543=ORIENTED_EDGE('',*,*,#1055,.F.);
#544=ORIENTED_EDGE('',*,*,#1056,.F.);
#545=ORIENTED_EDGE('',*,*,#1057,.T.);
#546=ORIENTED_EDGE('',*,*,#1053,.T.);
#547=ORIENTED_EDGE('',*,*,#1058,.F.);
#548=ORIENTED_EDGE('',*,*,#1059,.F.);
#549=ORIENTED_EDGE('',*,*,#1060,.T.);
#550=ORIENTED_EDGE('',*,*,#1056,.T.);
#551=ORIENTED_EDGE('',*,*,#935,.F.);
#552=ORIENTED_EDGE('',*,*,#1061,.F.);
#553=ORIENTED_EDGE('',*,*,#1062,.T.);
#554=ORIENTED_EDGE('',*,*,#1063,.T.);
#555=ORIENTED_EDGE('',*,*,#934,.F.);
#556=ORIENTED_EDGE('',*,*,#1064,.F.);
#557=ORIENTED_EDGE('',*,*,#1065,.T.);
#558=ORIENTED_EDGE('',*,*,#1061,.T.);
#559=ORIENTED_EDGE('',*,*,#945,.F.);
#560=ORIENTED_EDGE('',*,*,#1066,.F.);
#561=ORIENTED_EDGE('',*,*,#1067,.T.);
#562=ORIENTED_EDGE('',*,*,#1064,.T.);
#563=ORIENTED_EDGE('',*,*,#944,.F.);
#564=ORIENTED_EDGE('',*,*,#1068,.F.);
#565=ORIENTED_EDGE('',*,*,#1069,.T.);
#566=ORIENTED_EDGE('',*,*,#1066,.T.);
#567=ORIENTED_EDGE('',*,*,#943,.F.);
#568=ORIENTED_EDGE('',*,*,#1070,.F.);
#569=ORIENTED_EDGE('',*,*,#1071,.T.);
#570=ORIENTED_EDGE('',*,*,#1068,.T.);
#571=ORIENTED_EDGE('',*,*,#942,.F.);
#572=ORIENTED_EDGE('',*,*,#1072,.F.);
#573=ORIENTED_EDGE('',*,*,#1073,.T.);
#574=ORIENTED_EDGE('',*,*,#1070,.T.);
#575=ORIENTED_EDGE('',*,*,#941,.F.);
#576=ORIENTED_EDGE('',*,*,#1074,.F.);
#577=ORIENTED_EDGE('',*,*,#1075,.T.);
#578=ORIENTED_EDGE('',*,*,#1072,.T.);
#579=ORIENTED_EDGE('',*,*,#940,.F.);
#580=ORIENTED_EDGE('',*,*,#1076,.F.);
#581=ORIENTED_EDGE('',*,*,#1077,.T.);
#582=ORIENTED_EDGE('',*,*,#1074,.T.);
#583=ORIENTED_EDGE('',*,*,#939,.F.);
#584=ORIENTED_EDGE('',*,*,#1078,.F.);
#585=ORIENTED_EDGE('',*,*,#1079,.T.);
#586=ORIENTED_EDGE('',*,*,#1076,.T.);
#587=ORIENTED_EDGE('',*,*,#938,.F.);
#588=ORIENTED_EDGE('',*,*,#1080,.F.);
#589=ORIENTED_EDGE('',*,*,#1081,.T.);
#590=ORIENTED_EDGE('',*,*,#1078,.T.);
#591=ORIENTED_EDGE('',*,*,#937,.F.);
#592=ORIENTED_EDGE('',*,*,#1082,.F.);
#593=ORIENTED_EDGE('',*,*,#1083,.T.);
#594=ORIENTED_EDGE('',*,*,#1080,.T.);
#595=ORIENTED_EDGE('',*,*,#936,.F.);
#596=ORIENTED_EDGE('',*,*,#1063,.F.);
#597=ORIENTED_EDGE('',*,*,#1084,.T.);
#598=ORIENTED_EDGE('',*,*,#1082,.T.);
#599=ORIENTED_EDGE('',*,*,#1085,.F.);
#600=ORIENTED_EDGE('',*,*,#1030,.F.);
#601=ORIENTED_EDGE('',*,*,#1086,.T.);
#602=ORIENTED_EDGE('',*,*,#1059,.T.);
#603=ORIENTED_EDGE('',*,*,#1062,.F.);
#604=ORIENTED_EDGE('',*,*,#1065,.F.);
#605=ORIENTED_EDGE('',*,*,#1067,.F.);
#606=ORIENTED_EDGE('',*,*,#1069,.F.);
#607=ORIENTED_EDGE('',*,*,#1071,.F.);
#608=ORIENTED_EDGE('',*,*,#1073,.F.);
#609=ORIENTED_EDGE('',*,*,#1075,.F.);
#610=ORIENTED_EDGE('',*,*,#1077,.F.);
#611=ORIENTED_EDGE('',*,*,#1079,.F.);
#612=ORIENTED_EDGE('',*,*,#1081,.F.);
#613=ORIENTED_EDGE('',*,*,#1083,.F.);
#614=ORIENTED_EDGE('',*,*,#1084,.F.);
#615=ORIENTED_EDGE('',*,*,#1029,.F.);
#616=ORIENTED_EDGE('',*,*,#1033,.F.);
#617=ORIENTED_EDGE('',*,*,#1036,.F.);
#618=ORIENTED_EDGE('',*,*,#1039,.F.);
#619=ORIENTED_EDGE('',*,*,#1042,.F.);
#620=ORIENTED_EDGE('',*,*,#1045,.F.);
#621=ORIENTED_EDGE('',*,*,#1048,.F.);
#622=ORIENTED_EDGE('',*,*,#1051,.F.);
#623=ORIENTED_EDGE('',*,*,#1054,.F.);
#624=ORIENTED_EDGE('',*,*,#1057,.F.);
#625=ORIENTED_EDGE('',*,*,#1060,.F.);
#626=ORIENTED_EDGE('',*,*,#1086,.F.);
#627=ORIENTED_EDGE('',*,*,#1087,.F.);
#628=ORIENTED_EDGE('',*,*,#1088,.F.);
#629=ORIENTED_EDGE('',*,*,#1089,.T.);
#630=ORIENTED_EDGE('',*,*,#1090,.T.);
#631=ORIENTED_EDGE('',*,*,#1091,.F.);
#632=ORIENTED_EDGE('',*,*,#1092,.F.);
#633=ORIENTED_EDGE('',*,*,#1093,.T.);
#634=ORIENTED_EDGE('',*,*,#1088,.T.);
#635=ORIENTED_EDGE('',*,*,#1094,.F.);
#636=ORIENTED_EDGE('',*,*,#1095,.F.);
#637=ORIENTED_EDGE('',*,*,#1096,.T.);
#638=ORIENTED_EDGE('',*,*,#1092,.T.);
#639=ORIENTED_EDGE('',*,*,#1097,.F.);
#640=ORIENTED_EDGE('',*,*,#1098,.F.);
#641=ORIENTED_EDGE('',*,*,#1099,.T.);
#642=ORIENTED_EDGE('',*,*,#1095,.T.);
#643=ORIENTED_EDGE('',*,*,#1100,.F.);
#644=ORIENTED_EDGE('',*,*,#1101,.F.);
#645=ORIENTED_EDGE('',*,*,#1102,.T.);
#646=ORIENTED_EDGE('',*,*,#1098,.T.);
#647=ORIENTED_EDGE('',*,*,#1103,.F.);
#648=ORIENTED_EDGE('',*,*,#1104,.F.);
#649=ORIENTED_EDGE('',*,*,#1105,.T.);
#650=ORIENTED_EDGE('',*,*,#1101,.T.);
#651=ORIENTED_EDGE('',*,*,#1106,.F.);
#652=ORIENTED_EDGE('',*,*,#1107,.F.);
#653=ORIENTED_EDGE('',*,*,#1108,.T.);
#654=ORIENTED_EDGE('',*,*,#1104,.T.);
#655=ORIENTED_EDGE('',*,*,#1109,.F.);
#656=ORIENTED_EDGE('',*,*,#1110,.F.);
#657=ORIENTED_EDGE('',*,*,#1111,.T.);
#658=ORIENTED_EDGE('',*,*,#1107,.T.);
#659=ORIENTED_EDGE('',*,*,#1112,.F.);
#660=ORIENTED_EDGE('',*,*,#1113,.F.);
#661=ORIENTED_EDGE('',*,*,#1114,.T.);
#662=ORIENTED_EDGE('',*,*,#1110,.T.);
#663=ORIENTED_EDGE('',*,*,#1115,.F.);
#664=ORIENTED_EDGE('',*,*,#1116,.F.);
#665=ORIENTED_EDGE('',*,*,#1117,.T.);
#666=ORIENTED_EDGE('',*,*,#1113,.T.);
#667=ORIENTED_EDGE('',*,*,#1118,.F.);
#668=ORIENTED_EDGE('',*,*,#1119,.F.);
#669=ORIENTED_EDGE('',*,*,#1120,.T.);
#670=ORIENTED_EDGE('',*,*,#1116,.T.);
#671=ORIENTED_EDGE('',*,*,#1121,.F.);
#672=ORIENTED_EDGE('',*,*,#1122,.F.);
#673=ORIENTED_EDGE('',*,*,#1123,.T.);
#674=ORIENTED_EDGE('',*,*,#1124,.T.);
#675=ORIENTED_EDGE('',*,*,#1125,.F.);
#676=ORIENTED_EDGE('',*,*,#1126,.F.);
#677=ORIENTED_EDGE('',*,*,#1127,.T.);
#678=ORIENTED_EDGE('',*,*,#1122,.T.);
#679=ORIENTED_EDGE('',*,*,#1128,.F.);
#680=ORIENTED_EDGE('',*,*,#1129,.F.);
#681=ORIENTED_EDGE('',*,*,#1130,.T.);
#682=ORIENTED_EDGE('',*,*,#1126,.T.);
#683=ORIENTED_EDGE('',*,*,#1131,.F.);
#684=ORIENTED_EDGE('',*,*,#1132,.F.);
#685=ORIENTED_EDGE('',*,*,#1133,.T.);
#686=ORIENTED_EDGE('',*,*,#1129,.T.);
#687=ORIENTED_EDGE('',*,*,#1134,.F.);
#688=ORIENTED_EDGE('',*,*,#1135,.F.);
#689=ORIENTED_EDGE('',*,*,#1136,.T.);
#690=ORIENTED_EDGE('',*,*,#1132,.T.);
#691=ORIENTED_EDGE('',*,*,#1137,.F.);
#692=ORIENTED_EDGE('',*,*,#1138,.F.);
#693=ORIENTED_EDGE('',*,*,#1139,.T.);
#694=ORIENTED_EDGE('',*,*,#1135,.T.);
#695=ORIENTED_EDGE('',*,*,#1140,.F.);
#696=ORIENTED_EDGE('',*,*,#1141,.F.);
#697=ORIENTED_EDGE('',*,*,#1142,.T.);
#698=ORIENTED_EDGE('',*,*,#1138,.T.);
#699=ORIENTED_EDGE('',*,*,#1143,.F.);
#700=ORIENTED_EDGE('',*,*,#1144,.F.);
#701=ORIENTED_EDGE('',*,*,#1145,.T.);
#702=ORIENTED_EDGE('',*,*,#1141,.T.);
#703=ORIENTED_EDGE('',*,*,#1146,.F.);
#704=ORIENTED_EDGE('',*,*,#1147,.F.);
#705=ORIENTED_EDGE('',*,*,#1148,.T.);
#706=ORIENTED_EDGE('',*,*,#1144,.T.);
#707=ORIENTED_EDGE('',*,*,#1149,.F.);
#708=ORIENTED_EDGE('',*,*,#1150,.F.);
#709=ORIENTED_EDGE('',*,*,#1151,.T.);
#710=ORIENTED_EDGE('',*,*,#1147,.T.);
#711=ORIENTED_EDGE('',*,*,#1152,.F.);
#712=ORIENTED_EDGE('',*,*,#1153,.F.);
#713=ORIENTED_EDGE('',*,*,#1154,.T.);
#714=ORIENTED_EDGE('',*,*,#1150,.T.);
#715=ORIENTED_EDGE('',*,*,#969,.F.);
#716=ORIENTED_EDGE('',*,*,#1155,.F.);
#717=ORIENTED_EDGE('',*,*,#1156,.T.);
#718=ORIENTED_EDGE('',*,*,#1157,.T.);
#719=ORIENTED_EDGE('',*,*,#968,.F.);
#720=ORIENTED_EDGE('',*,*,#1158,.F.);
#721=ORIENTED_EDGE('',*,*,#1159,.T.);
#722=ORIENTED_EDGE('',*,*,#1155,.T.);
#723=ORIENTED_EDGE('',*,*,#982,.F.);
#724=ORIENTED_EDGE('',*,*,#1160,.F.);
#725=ORIENTED_EDGE('',*,*,#1161,.T.);
#726=ORIENTED_EDGE('',*,*,#1158,.T.);
#727=ORIENTED_EDGE('',*,*,#981,.F.);
#728=ORIENTED_EDGE('',*,*,#1162,.F.);
#729=ORIENTED_EDGE('',*,*,#1163,.T.);
#730=ORIENTED_EDGE('',*,*,#1160,.T.);
#731=ORIENTED_EDGE('',*,*,#980,.F.);
#732=ORIENTED_EDGE('',*,*,#1164,.F.);
#733=ORIENTED_EDGE('',*,*,#1165,.T.);
#734=ORIENTED_EDGE('',*,*,#1162,.T.);
#735=ORIENTED_EDGE('',*,*,#979,.F.);
#736=ORIENTED_EDGE('',*,*,#1166,.F.);
#737=ORIENTED_EDGE('',*,*,#1167,.T.);
#738=ORIENTED_EDGE('',*,*,#1164,.T.);
#739=ORIENTED_EDGE('',*,*,#978,.F.);
#740=ORIENTED_EDGE('',*,*,#1168,.F.);
#741=ORIENTED_EDGE('',*,*,#1169,.T.);
#742=ORIENTED_EDGE('',*,*,#1166,.T.);
#743=ORIENTED_EDGE('',*,*,#977,.F.);
#744=ORIENTED_EDGE('',*,*,#1170,.F.);
#745=ORIENTED_EDGE('',*,*,#1171,.T.);
#746=ORIENTED_EDGE('',*,*,#1168,.T.);
#747=ORIENTED_EDGE('',*,*,#976,.F.);
#748=ORIENTED_EDGE('',*,*,#1172,.F.);
#749=ORIENTED_EDGE('',*,*,#1173,.T.);
#750=ORIENTED_EDGE('',*,*,#1170,.T.);
#751=ORIENTED_EDGE('',*,*,#975,.F.);
#752=ORIENTED_EDGE('',*,*,#1174,.F.);
#753=ORIENTED_EDGE('',*,*,#1175,.T.);
#754=ORIENTED_EDGE('',*,*,#1172,.T.);
#755=ORIENTED_EDGE('',*,*,#974,.F.);
#756=ORIENTED_EDGE('',*,*,#1176,.F.);
#757=ORIENTED_EDGE('',*,*,#1177,.T.);
#758=ORIENTED_EDGE('',*,*,#1174,.T.);
#759=ORIENTED_EDGE('',*,*,#973,.F.);
#760=ORIENTED_EDGE('',*,*,#1178,.F.);
#761=ORIENTED_EDGE('',*,*,#1179,.T.);
#762=ORIENTED_EDGE('',*,*,#1176,.T.);
#763=ORIENTED_EDGE('',*,*,#972,.F.);
#764=ORIENTED_EDGE('',*,*,#1180,.F.);
#765=ORIENTED_EDGE('',*,*,#1181,.T.);
#766=ORIENTED_EDGE('',*,*,#1178,.T.);
#767=ORIENTED_EDGE('',*,*,#971,.F.);
#768=ORIENTED_EDGE('',*,*,#1182,.F.);
#769=ORIENTED_EDGE('',*,*,#1183,.T.);
#770=ORIENTED_EDGE('',*,*,#1180,.T.);
#771=ORIENTED_EDGE('',*,*,#1184,.F.);
#772=ORIENTED_EDGE('',*,*,#1124,.F.);
#773=ORIENTED_EDGE('',*,*,#1185,.T.);
#774=ORIENTED_EDGE('',*,*,#1153,.T.);
#775=ORIENTED_EDGE('',*,*,#970,.F.);
#776=ORIENTED_EDGE('',*,*,#1157,.F.);
#777=ORIENTED_EDGE('',*,*,#1186,.T.);
#778=ORIENTED_EDGE('',*,*,#1182,.T.);
#779=ORIENTED_EDGE('',*,*,#1187,.F.);
#780=ORIENTED_EDGE('',*,*,#1090,.F.);
#781=ORIENTED_EDGE('',*,*,#1188,.T.);
#782=ORIENTED_EDGE('',*,*,#1119,.T.);
#783=ORIENTED_EDGE('',*,*,#1156,.F.);
#784=ORIENTED_EDGE('',*,*,#1159,.F.);
#785=ORIENTED_EDGE('',*,*,#1161,.F.);
#786=ORIENTED_EDGE('',*,*,#1163,.F.);
#787=ORIENTED_EDGE('',*,*,#1165,.F.);
#788=ORIENTED_EDGE('',*,*,#1167,.F.);
#789=ORIENTED_EDGE('',*,*,#1169,.F.);
#790=ORIENTED_EDGE('',*,*,#1171,.F.);
#791=ORIENTED_EDGE('',*,*,#1173,.F.);
#792=ORIENTED_EDGE('',*,*,#1175,.F.);
#793=ORIENTED_EDGE('',*,*,#1177,.F.);
#794=ORIENTED_EDGE('',*,*,#1179,.F.);
#795=ORIENTED_EDGE('',*,*,#1181,.F.);
#796=ORIENTED_EDGE('',*,*,#1183,.F.);
#797=ORIENTED_EDGE('',*,*,#1186,.F.);
#798=ORIENTED_EDGE('',*,*,#1123,.F.);
#799=ORIENTED_EDGE('',*,*,#1127,.F.);
#800=ORIENTED_EDGE('',*,*,#1130,.F.);
#801=ORIENTED_EDGE('',*,*,#1133,.F.);
#802=ORIENTED_EDGE('',*,*,#1136,.F.);
#803=ORIENTED_EDGE('',*,*,#1139,.F.);
#804=ORIENTED_EDGE('',*,*,#1142,.F.);
#805=ORIENTED_EDGE('',*,*,#1145,.F.);
#806=ORIENTED_EDGE('',*,*,#1148,.F.);
#807=ORIENTED_EDGE('',*,*,#1151,.F.);
#808=ORIENTED_EDGE('',*,*,#1154,.F.);
#809=ORIENTED_EDGE('',*,*,#1185,.F.);
#810=ORIENTED_EDGE('',*,*,#1089,.F.);
#811=ORIENTED_EDGE('',*,*,#1093,.F.);
#812=ORIENTED_EDGE('',*,*,#1096,.F.);
#813=ORIENTED_EDGE('',*,*,#1099,.F.);
#814=ORIENTED_EDGE('',*,*,#1102,.F.);
#815=ORIENTED_EDGE('',*,*,#1105,.F.);
#816=ORIENTED_EDGE('',*,*,#1108,.F.);
#817=ORIENTED_EDGE('',*,*,#1111,.F.);
#818=ORIENTED_EDGE('',*,*,#1114,.F.);
#819=ORIENTED_EDGE('',*,*,#1117,.F.);
#820=ORIENTED_EDGE('',*,*,#1120,.F.);
#821=ORIENTED_EDGE('',*,*,#1188,.F.);
#822=ORIENTED_EDGE('',*,*,#1125,.T.);
#823=ORIENTED_EDGE('',*,*,#1121,.T.);
#824=ORIENTED_EDGE('',*,*,#1184,.T.);
#825=ORIENTED_EDGE('',*,*,#1152,.T.);
#826=ORIENTED_EDGE('',*,*,#1149,.T.);
#827=ORIENTED_EDGE('',*,*,#1146,.T.);
#828=ORIENTED_EDGE('',*,*,#1143,.T.);
#829=ORIENTED_EDGE('',*,*,#1140,.T.);
#830=ORIENTED_EDGE('',*,*,#1137,.T.);
#831=ORIENTED_EDGE('',*,*,#1134,.T.);
#832=ORIENTED_EDGE('',*,*,#1131,.T.);
#833=ORIENTED_EDGE('',*,*,#1128,.T.);
#834=ORIENTED_EDGE('',*,*,#1031,.T.);
#835=ORIENTED_EDGE('',*,*,#1027,.T.);
#836=ORIENTED_EDGE('',*,*,#1085,.T.);
#837=ORIENTED_EDGE('',*,*,#1058,.T.);
#838=ORIENTED_EDGE('',*,*,#1055,.T.);
#839=ORIENTED_EDGE('',*,*,#1052,.T.);
#840=ORIENTED_EDGE('',*,*,#1049,.T.);
#841=ORIENTED_EDGE('',*,*,#1046,.T.);
#842=ORIENTED_EDGE('',*,*,#1043,.T.);
#843=ORIENTED_EDGE('',*,*,#1040,.T.);
#844=ORIENTED_EDGE('',*,*,#1037,.T.);
#845=ORIENTED_EDGE('',*,*,#1034,.T.);
#846=ORIENTED_EDGE('',*,*,#1091,.T.);
#847=ORIENTED_EDGE('',*,*,#1087,.T.);
#848=ORIENTED_EDGE('',*,*,#1187,.T.);
#849=ORIENTED_EDGE('',*,*,#1118,.T.);
#850=ORIENTED_EDGE('',*,*,#1115,.T.);
#851=ORIENTED_EDGE('',*,*,#1112,.T.);
#852=ORIENTED_EDGE('',*,*,#1109,.T.);
#853=ORIENTED_EDGE('',*,*,#1106,.T.);
#854=ORIENTED_EDGE('',*,*,#1103,.T.);
#855=ORIENTED_EDGE('',*,*,#1100,.T.);
#856=ORIENTED_EDGE('',*,*,#1097,.T.);
#857=ORIENTED_EDGE('',*,*,#1094,.T.);
#858=EDGE_CURVE('',#1189,#1190,#1407,.T.);
#859=EDGE_CURVE('',#1190,#1191,#1408,.F.);
#860=EDGE_CURVE('',#1191,#1192,#1409,.F.);
#861=EDGE_CURVE('',#1192,#1189,#1410,.T.);
#862=EDGE_CURVE('',#1193,#1194,#1411,.T.);
#863=EDGE_CURVE('',#1193,#1195,#1412,.T.);
#864=EDGE_CURVE('',#1195,#1196,#1413,.T.);
#865=EDGE_CURVE('',#1194,#1196,#1414,.T.);
#866=EDGE_CURVE('',#1197,#1198,#1415,.T.);
#867=EDGE_CURVE('',#1199,#1197,#1416,.T.);
#868=EDGE_CURVE('',#1199,#1200,#1417,.T.);
#869=EDGE_CURVE('',#1200,#1198,#1418,.T.);
#870=EDGE_CURVE('',#1201,#1202,#1419,.T.);
#871=EDGE_CURVE('',#1202,#1203,#1420,.T.);
#872=EDGE_CURVE('',#1204,#1203,#1421,.T.);
#873=EDGE_CURVE('',#1201,#1204,#1422,.T.);
#874=EDGE_CURVE('',#1205,#1206,#1423,.T.);
#875=EDGE_CURVE('',#1206,#1207,#1424,.T.);
#876=EDGE_CURVE('',#1207,#1208,#1425,.F.);
#877=EDGE_CURVE('',#1205,#1208,#1426,.T.);
#878=EDGE_CURVE('',#1209,#1210,#1427,.T.);
#879=EDGE_CURVE('',#1210,#1211,#1428,.T.);
#880=EDGE_CURVE('',#1211,#1212,#1429,.F.);
#881=EDGE_CURVE('',#1209,#1212,#1430,.T.);
#882=EDGE_CURVE('',#1213,#1214,#1431,.T.);
#883=EDGE_CURVE('',#1214,#1215,#1432,.F.);
#884=EDGE_CURVE('',#1215,#1216,#1433,.F.);
#885=EDGE_CURVE('',#1216,#1213,#1434,.T.);
#886=EDGE_CURVE('',#1216,#1189,#84,.T.);
#887=EDGE_CURVE('',#1192,#1205,#85,.T.);
#888=EDGE_CURVE('',#1208,#1209,#86,.T.);
#889=EDGE_CURVE('',#1212,#1213,#87,.T.);
#890=EDGE_CURVE('',#1217,#1218,#1435,.T.);
#891=EDGE_CURVE('',#1219,#1217,#1436,.T.);
#892=EDGE_CURVE('',#1219,#1220,#1437,.T.);
#893=EDGE_CURVE('',#1220,#1218,#1438,.T.);
#894=EDGE_CURVE('',#1217,#1221,#1439,.T.);
#895=EDGE_CURVE('',#1222,#1221,#1440,.T.);
#896=EDGE_CURVE('',#1219,#1222,#1441,.T.);
#897=EDGE_CURVE('',#1221,#1223,#1442,.T.);
#898=EDGE_CURVE('',#1224,#1223,#1443,.T.);
#899=EDGE_CURVE('',#1222,#1224,#1444,.T.);
#900=EDGE_CURVE('',#1218,#1223,#1445,.T.);
#901=EDGE_CURVE('',#1220,#1224,#1446,.T.);
#902=EDGE_CURVE('',#1225,#1226,#1447,.F.);
#903=EDGE_CURVE('',#1226,#1227,#88,.T.);
#904=EDGE_CURVE('',#1227,#1228,#1448,.F.);
#905=EDGE_CURVE('',#1228,#1229,#89,.T.);
#906=EDGE_CURVE('',#1229,#1230,#1449,.T.);
#907=EDGE_CURVE('',#1230,#1231,#90,.T.);
#908=EDGE_CURVE('',#1231,#1232,#1450,.T.);
#909=EDGE_CURVE('',#1232,#1225,#91,.T.);
#910=EDGE_CURVE('',#1233,#1199,#1451,.T.);
#911=EDGE_CURVE('',#1233,#1234,#1452,.T.);
#912=EDGE_CURVE('',#1234,#1200,#1453,.T.);
#913=EDGE_CURVE('',#1235,#1236,#1454,.T.);
#914=EDGE_CURVE('',#1235,#1197,#1455,.T.);
#915=EDGE_CURVE('',#1236,#1198,#1456,.T.);
#916=EDGE_CURVE('',#1234,#1236,#1457,.T.);
#917=EDGE_CURVE('',#1233,#1235,#1458,.T.);
#918=EDGE_CURVE('',#1215,#1190,#92,.F.);
#919=EDGE_CURVE('',#1211,#1214,#93,.F.);
#920=EDGE_CURVE('',#1207,#1210,#94,.F.);
#921=EDGE_CURVE('',#1191,#1206,#95,.F.);
#922=EDGE_CURVE('',#1190,#1230,#96,.T.);
#923=EDGE_CURVE('',#1231,#1215,#97,.T.);
#924=EDGE_CURVE('',#1232,#1214,#98,.T.);
#925=EDGE_CURVE('',#1191,#1229,#99,.T.);
#926=EDGE_CURVE('',#1225,#1211,#100,.T.);
#927=EDGE_CURVE('',#1206,#1228,#101,.T.);
#928=EDGE_CURVE('',#1226,#1210,#102,.T.);
#929=EDGE_CURVE('',#1207,#1227,#103,.T.);
#930=EDGE_CURVE('',#1202,#1195,#1459,.T.);
#931=EDGE_CURVE('',#1203,#1193,#1460,.T.);
#932=EDGE_CURVE('',#1204,#1194,#1461,.T.);
#933=EDGE_CURVE('',#1201,#1196,#1462,.T.);
#934=EDGE_CURVE('',#1237,#1238,#1463,.T.);
#935=EDGE_CURVE('',#1238,#1239,#1464,.T.);
#936=EDGE_CURVE('',#1239,#1240,#1465,.T.);
#937=EDGE_CURVE('',#1240,#1241,#104,.F.);
#938=EDGE_CURVE('',#1241,#1242,#105,.F.);
#939=EDGE_CURVE('',#1242,#1243,#106,.F.);
#940=EDGE_CURVE('',#1243,#1244,#1466,.T.);
#941=EDGE_CURVE('',#1244,#1245,#107,.F.);
#942=EDGE_CURVE('',#1245,#1246,#108,.F.);
#943=EDGE_CURVE('',#1246,#1247,#109,.F.);
#944=EDGE_CURVE('',#1247,#1248,#1467,.T.);
#945=EDGE_CURVE('',#1248,#1237,#1468,.T.);
#946=EDGE_CURVE('',#1249,#1250,#1469,.T.);
#947=EDGE_CURVE('',#1249,#1251,#1470,.T.);
#948=EDGE_CURVE('',#1251,#1252,#1471,.T.);
#949=EDGE_CURVE('',#1250,#1252,#1472,.T.);
#950=EDGE_CURVE('',#1253,#1254,#1473,.T.);
#951=EDGE_CURVE('',#1254,#1255,#110,.F.);
#952=EDGE_CURVE('',#1255,#1256,#111,.F.);
#953=EDGE_CURVE('',#1256,#1257,#112,.F.);
#954=EDGE_CURVE('',#1257,#1258,#1474,.T.);
#955=EDGE_CURVE('',#1258,#1259,#113,.F.);
#956=EDGE_CURVE('',#1259,#1260,#114,.F.);
#957=EDGE_CURVE('',#1260,#1261,#115,.F.);
#958=EDGE_CURVE('',#1261,#1262,#1475,.T.);
#959=EDGE_CURVE('',#1262,#1263,#1476,.T.);
#960=EDGE_CURVE('',#1263,#1264,#1477,.T.);
#961=EDGE_CURVE('',#1264,#1265,#14,.T.);
#962=EDGE_CURVE('',#1265,#1266,#15,.T.);
#963=EDGE_CURVE('',#1266,#1267,#1478,.T.);
#964=EDGE_CURVE('',#1267,#1268,#16,.T.);
#965=EDGE_CURVE('',#1268,#1269,#17,.T.);
#966=EDGE_CURVE('',#1269,#1270,#1479,.T.);
#967=EDGE_CURVE('',#1270,#1253,#1480,.T.);
#968=EDGE_CURVE('',#1271,#1272,#1481,.T.);
#969=EDGE_CURVE('',#1272,#1273,#1482,.T.);
#970=EDGE_CURVE('',#1273,#1274,#1483,.T.);
#971=EDGE_CURVE('',#1274,#1275,#116,.F.);
#972=EDGE_CURVE('',#1275,#1276,#117,.F.);
#973=EDGE_CURVE('',#1276,#1277,#118,.F.);
#974=EDGE_CURVE('',#1277,#1278,#1484,.T.);
#975=EDGE_CURVE('',#1278,#1279,#119,.F.);
#976=EDGE_CURVE('',#1279,#1280,#120,.F.);
#977=EDGE_CURVE('',#1280,#1281,#121,.F.);
#978=EDGE_CURVE('',#1281,#1282,#122,.F.);
#979=EDGE_CURVE('',#1282,#1283,#1485,.T.);
#980=EDGE_CURVE('',#1283,#1284,#123,.F.);
#981=EDGE_CURVE('',#1284,#1285,#124,.F.);
#982=EDGE_CURVE('',#1285,#1271,#125,.F.);
#983=EDGE_CURVE('',#1286,#1287,#1486,.T.);
#984=EDGE_CURVE('',#1249,#1286,#1487,.T.);
#985=EDGE_CURVE('',#1250,#1287,#1488,.T.);
#986=EDGE_CURVE('',#1286,#1288,#1489,.T.);
#987=EDGE_CURVE('',#1251,#1288,#1490,.T.);
#988=EDGE_CURVE('',#1288,#1289,#1491,.T.);
#989=EDGE_CURVE('',#1252,#1289,#1492,.T.);
#990=EDGE_CURVE('',#1287,#1289,#1493,.T.);
#991=EDGE_CURVE('',#1290,#1254,#1494,.T.);
#992=EDGE_CURVE('',#1290,#1291,#126,.F.);
#993=EDGE_CURVE('',#1291,#1255,#1495,.T.);
#994=EDGE_CURVE('',#1292,#1253,#1496,.T.);
#995=EDGE_CURVE('',#1292,#1290,#1497,.T.);
#996=EDGE_CURVE('',#1293,#1270,#1498,.T.);
#997=EDGE_CURVE('',#1293,#1292,#1499,.T.);
#998=EDGE_CURVE('',#1294,#1269,#1500,.T.);
#999=EDGE_CURVE('',#1294,#1293,#1501,.T.);
#1000=EDGE_CURVE('',#1295,#1268,#1502,.T.);
#1001=EDGE_CURVE('',#1295,#1294,#18,.T.);
#1002=EDGE_CURVE('',#1296,#1267,#1503,.T.);
#1003=EDGE_CURVE('',#1296,#1295,#19,.T.);
#1004=EDGE_CURVE('',#1297,#1266,#1504,.T.);
#1005=EDGE_CURVE('',#1297,#1296,#1505,.T.);
#1006=EDGE_CURVE('',#1298,#1265,#1506,.T.);
#1007=EDGE_CURVE('',#1298,#1297,#20,.T.);
#1008=EDGE_CURVE('',#1299,#1264,#1507,.T.);
#1009=EDGE_CURVE('',#1299,#1298,#21,.T.);
#1010=EDGE_CURVE('',#1300,#1263,#1508,.T.);
#1011=EDGE_CURVE('',#1300,#1299,#1509,.T.);
#1012=EDGE_CURVE('',#1301,#1262,#1510,.T.);
#1013=EDGE_CURVE('',#1301,#1300,#1511,.T.);
#1014=EDGE_CURVE('',#1302,#1261,#1512,.T.);
#1015=EDGE_CURVE('',#1302,#1301,#1513,.T.);
#1016=EDGE_CURVE('',#1303,#1260,#1514,.T.);
#1017=EDGE_CURVE('',#1303,#1302,#127,.F.);
#1018=EDGE_CURVE('',#1304,#1259,#1515,.T.);
#1019=EDGE_CURVE('',#1304,#1303,#128,.F.);
#1020=EDGE_CURVE('',#1305,#1258,#1516,.T.);
#1021=EDGE_CURVE('',#1305,#1304,#129,.F.);
#1022=EDGE_CURVE('',#1306,#1257,#1517,.T.);
#1023=EDGE_CURVE('',#1306,#1305,#1518,.T.);
#1024=EDGE_CURVE('',#1307,#1256,#1519,.T.);
#1025=EDGE_CURVE('',#1307,#1306,#130,.F.);
#1026=EDGE_CURVE('',#1291,#1307,#131,.F.);
#1027=EDGE_CURVE('',#1308,#1309,#1520,.T.);
#1028=EDGE_CURVE('',#1310,#1308,#1521,.T.);
#1029=EDGE_CURVE('',#1310,#1311,#1522,.T.);
#1030=EDGE_CURVE('',#1311,#1309,#1523,.T.);
#1031=EDGE_CURVE('',#1312,#1308,#132,.T.);
#1032=EDGE_CURVE('',#1313,#1312,#1524,.T.);
#1033=EDGE_CURVE('',#1313,#1310,#133,.T.);
#1034=EDGE_CURVE('',#1314,#1312,#134,.T.);
#1035=EDGE_CURVE('',#1315,#1314,#1525,.T.);
#1036=EDGE_CURVE('',#1315,#1313,#135,.T.);
#1037=EDGE_CURVE('',#1316,#1314,#1526,.T.);
#1038=EDGE_CURVE('',#1317,#1316,#1527,.T.);
#1039=EDGE_CURVE('',#1317,#1315,#1528,.T.);
#1040=EDGE_CURVE('',#1318,#1316,#136,.T.);
#1041=EDGE_CURVE('',#1319,#1318,#1529,.T.);
#1042=EDGE_CURVE('',#1319,#1317,#137,.T.);
#1043=EDGE_CURVE('',#1320,#1318,#138,.T.);
#1044=EDGE_CURVE('',#1321,#1320,#1530,.T.);
#1045=EDGE_CURVE('',#1321,#1319,#139,.T.);
#1046=EDGE_CURVE('',#1322,#1320,#1531,.T.);
#1047=EDGE_CURVE('',#1323,#1322,#1532,.T.);
#1048=EDGE_CURVE('',#1323,#1321,#1533,.T.);
#1049=EDGE_CURVE('',#1324,#1322,#140,.T.);
#1050=EDGE_CURVE('',#1325,#1324,#1534,.T.);
#1051=EDGE_CURVE('',#1325,#1323,#141,.T.);
#1052=EDGE_CURVE('',#1326,#1324,#142,.T.);
#1053=EDGE_CURVE('',#1327,#1326,#1535,.T.);
#1054=EDGE_CURVE('',#1327,#1325,#143,.T.);
#1055=EDGE_CURVE('',#1328,#1326,#1536,.T.);
#1056=EDGE_CURVE('',#1329,#1328,#1537,.T.);
#1057=EDGE_CURVE('',#1329,#1327,#1538,.T.);
#1058=EDGE_CURVE('',#1330,#1328,#144,.T.);
#1059=EDGE_CURVE('',#1331,#1330,#1539,.T.);
#1060=EDGE_CURVE('',#1331,#1329,#145,.T.);
#1061=EDGE_CURVE('',#1332,#1238,#1540,.T.);
#1062=EDGE_CURVE('',#1332,#1333,#1541,.T.);
#1063=EDGE_CURVE('',#1333,#1239,#1542,.T.);
#1064=EDGE_CURVE('',#1334,#1237,#1543,.T.);
#1065=EDGE_CURVE('',#1334,#1332,#1544,.T.);
#1066=EDGE_CURVE('',#1335,#1248,#1545,.T.);
#1067=EDGE_CURVE('',#1335,#1334,#1546,.T.);
#1068=EDGE_CURVE('',#1336,#1247,#1547,.T.);
#1069=EDGE_CURVE('',#1336,#1335,#1548,.T.);
#1070=EDGE_CURVE('',#1337,#1246,#1549,.T.);
#1071=EDGE_CURVE('',#1337,#1336,#146,.F.);
#1072=EDGE_CURVE('',#1338,#1245,#1550,.T.);
#1073=EDGE_CURVE('',#1338,#1337,#147,.F.);
#1074=EDGE_CURVE('',#1339,#1244,#1551,.T.);
#1075=EDGE_CURVE('',#1339,#1338,#148,.F.);
#1076=EDGE_CURVE('',#1340,#1243,#1552,.T.);
#1077=EDGE_CURVE('',#1340,#1339,#1553,.T.);
#1078=EDGE_CURVE('',#1341,#1242,#1554,.T.);
#1079=EDGE_CURVE('',#1341,#1340,#149,.F.);
#1080=EDGE_CURVE('',#1342,#1241,#1555,.T.);
#1081=EDGE_CURVE('',#1342,#1341,#150,.F.);
#1082=EDGE_CURVE('',#1343,#1240,#1556,.T.);
#1083=EDGE_CURVE('',#1343,#1342,#151,.F.);
#1084=EDGE_CURVE('',#1333,#1343,#1557,.T.);
#1085=EDGE_CURVE('',#1309,#1330,#152,.T.);
#1086=EDGE_CURVE('',#1311,#1331,#153,.T.);
#1087=EDGE_CURVE('',#1344,#1345,#1558,.T.);
#1088=EDGE_CURVE('',#1346,#1344,#1559,.T.);
#1089=EDGE_CURVE('',#1346,#1347,#1560,.T.);
#1090=EDGE_CURVE('',#1347,#1345,#1561,.T.);
#1091=EDGE_CURVE('',#1348,#1344,#154,.T.);
#1092=EDGE_CURVE('',#1349,#1348,#1562,.T.);
#1093=EDGE_CURVE('',#1349,#1346,#155,.T.);
#1094=EDGE_CURVE('',#1350,#1348,#156,.T.);
#1095=EDGE_CURVE('',#1351,#1350,#1563,.T.);
#1096=EDGE_CURVE('',#1351,#1349,#157,.T.);
#1097=EDGE_CURVE('',#1352,#1350,#1564,.T.);
#1098=EDGE_CURVE('',#1353,#1352,#1565,.T.);
#1099=EDGE_CURVE('',#1353,#1351,#1566,.T.);
#1100=EDGE_CURVE('',#1354,#1352,#158,.T.);
#1101=EDGE_CURVE('',#1355,#1354,#1567,.T.);
#1102=EDGE_CURVE('',#1355,#1353,#159,.T.);
#1103=EDGE_CURVE('',#1356,#1354,#160,.T.);
#1104=EDGE_CURVE('',#1357,#1356,#1568,.T.);
#1105=EDGE_CURVE('',#1357,#1355,#161,.T.);
#1106=EDGE_CURVE('',#1358,#1356,#1569,.T.);
#1107=EDGE_CURVE('',#1359,#1358,#1570,.T.);
#1108=EDGE_CURVE('',#1359,#1357,#1571,.T.);
#1109=EDGE_CURVE('',#1360,#1358,#162,.T.);
#1110=EDGE_CURVE('',#1361,#1360,#1572,.T.);
#1111=EDGE_CURVE('',#1361,#1359,#163,.T.);
#1112=EDGE_CURVE('',#1362,#1360,#164,.T.);
#1113=EDGE_CURVE('',#1363,#1362,#1573,.T.);
#1114=EDGE_CURVE('',#1363,#1361,#165,.T.);
#1115=EDGE_CURVE('',#1364,#1362,#1574,.T.);
#1116=EDGE_CURVE('',#1365,#1364,#1575,.T.);
#1117=EDGE_CURVE('',#1365,#1363,#1576,.T.);
#1118=EDGE_CURVE('',#1366,#1364,#166,.T.);
#1119=EDGE_CURVE('',#1367,#1366,#1577,.T.);
#1120=EDGE_CURVE('',#1367,#1365,#167,.T.);
#1121=EDGE_CURVE('',#1368,#1369,#1578,.T.);
#1122=EDGE_CURVE('',#1370,#1368,#1579,.T.);
#1123=EDGE_CURVE('',#1370,#1371,#1580,.T.);
#1124=EDGE_CURVE('',#1371,#1369,#1581,.T.);
#1125=EDGE_CURVE('',#1372,#1368,#168,.T.);
#1126=EDGE_CURVE('',#1373,#1372,#1582,.T.);
#1127=EDGE_CURVE('',#1373,#1370,#169,.T.);
#1128=EDGE_CURVE('',#1374,#1372,#170,.T.);
#1129=EDGE_CURVE('',#1375,#1374,#1583,.T.);
#1130=EDGE_CURVE('',#1375,#1373,#171,.T.);
#1131=EDGE_CURVE('',#1376,#1374,#1584,.T.);
#1132=EDGE_CURVE('',#1377,#1376,#1585,.T.);
#1133=EDGE_CURVE('',#1377,#1375,#1586,.T.);
#1134=EDGE_CURVE('',#1378,#1376,#172,.T.);
#1135=EDGE_CURVE('',#1379,#1378,#1587,.T.);
#1136=EDGE_CURVE('',#1379,#1377,#173,.T.);
#1137=EDGE_CURVE('',#1380,#1378,#174,.T.);
#1138=EDGE_CURVE('',#1381,#1380,#1588,.T.);
#1139=EDGE_CURVE('',#1381,#1379,#175,.T.);
#1140=EDGE_CURVE('',#1382,#1380,#1589,.T.);
#1141=EDGE_CURVE('',#1383,#1382,#1590,.T.);
#1142=EDGE_CURVE('',#1383,#1381,#1591,.T.);
#1143=EDGE_CURVE('',#1384,#1382,#176,.T.);
#1144=EDGE_CURVE('',#1385,#1384,#1592,.T.);
#1145=EDGE_CURVE('',#1385,#1383,#177,.T.);
#1146=EDGE_CURVE('',#1386,#1384,#178,.T.);
#1147=EDGE_CURVE('',#1387,#1386,#1593,.T.);
#1148=EDGE_CURVE('',#1387,#1385,#179,.T.);
#1149=EDGE_CURVE('',#1388,#1386,#1594,.T.);
#1150=EDGE_CURVE('',#1389,#1388,#1595,.T.);
#1151=EDGE_CURVE('',#1389,#1387,#1596,.T.);
#1152=EDGE_CURVE('',#1390,#1388,#180,.T.);
#1153=EDGE_CURVE('',#1391,#1390,#1597,.T.);
#1154=EDGE_CURVE('',#1391,#1389,#181,.T.);
#1155=EDGE_CURVE('',#1392,#1272,#1598,.T.);
#1156=EDGE_CURVE('',#1392,#1393,#1599,.T.);
#1157=EDGE_CURVE('',#1393,#1273,#1600,.T.);
#1158=EDGE_CURVE('',#1394,#1271,#1601,.T.);
#1159=EDGE_CURVE('',#1394,#1392,#1602,.T.);
#1160=EDGE_CURVE('',#1395,#1285,#1603,.T.);
#1161=EDGE_CURVE('',#1395,#1394,#182,.F.);
#1162=EDGE_CURVE('',#1396,#1284,#1604,.T.);
#1163=EDGE_CURVE('',#1396,#1395,#183,.F.);
#1164=EDGE_CURVE('',#1397,#1283,#1605,.T.);
#1165=EDGE_CURVE('',#1397,#1396,#184,.F.);
#1166=EDGE_CURVE('',#1398,#1282,#1606,.T.);
#1167=EDGE_CURVE('',#1398,#1397,#1607,.T.);
#1168=EDGE_CURVE('',#1399,#1281,#1608,.T.);
#1169=EDGE_CURVE('',#1399,#1398,#185,.F.);
#1170=EDGE_CURVE('',#1400,#1280,#1609,.T.);
#1171=EDGE_CURVE('',#1400,#1399,#186,.F.);
#1172=EDGE_CURVE('',#1401,#1279,#1610,.T.);
#1173=EDGE_CURVE('',#1401,#1400,#187,.F.);
#1174=EDGE_CURVE('',#1402,#1278,#1611,.T.);
#1175=EDGE_CURVE('',#1402,#1401,#188,.F.);
#1176=EDGE_CURVE('',#1403,#1277,#1612,.T.);
#1177=EDGE_CURVE('',#1403,#1402,#1613,.T.);
#1178=EDGE_CURVE('',#1404,#1276,#1614,.T.);
#1179=EDGE_CURVE('',#1404,#1403,#189,.F.);
#1180=EDGE_CURVE('',#1405,#1275,#1615,.T.);
#1181=EDGE_CURVE('',#1405,#1404,#190,.F.);
#1182=EDGE_CURVE('',#1406,#1274,#1616,.T.);
#1183=EDGE_CURVE('',#1406,#1405,#191,.F.);
#1184=EDGE_CURVE('',#1369,#1390,#192,.T.);
#1185=EDGE_CURVE('',#1371,#1391,#193,.T.);
#1186=EDGE_CURVE('',#1393,#1406,#1617,.T.);
#1187=EDGE_CURVE('',#1345,#1366,#194,.T.);
#1188=EDGE_CURVE('',#1347,#1367,#195,.T.);
#1189=VERTEX_POINT('',#3230);
#1190=VERTEX_POINT('',#3231);
#1191=VERTEX_POINT('',#3233);
#1192=VERTEX_POINT('',#3235);
#1193=VERTEX_POINT('',#3238);
#1194=VERTEX_POINT('',#3239);
#1195=VERTEX_POINT('',#3241);
#1196=VERTEX_POINT('',#3243);
#1197=VERTEX_POINT('',#3247);
#1198=VERTEX_POINT('',#3248);
#1199=VERTEX_POINT('',#3250);
#1200=VERTEX_POINT('',#3252);
#1201=VERTEX_POINT('',#3255);
#1202=VERTEX_POINT('',#3256);
#1203=VERTEX_POINT('',#3258);
#1204=VERTEX_POINT('',#3260);
#1205=VERTEX_POINT('',#3264);
#1206=VERTEX_POINT('',#3265);
#1207=VERTEX_POINT('',#3267);
#1208=VERTEX_POINT('',#3269);
#1209=VERTEX_POINT('',#3273);
#1210=VERTEX_POINT('',#3274);
#1211=VERTEX_POINT('',#3276);
#1212=VERTEX_POINT('',#3278);
#1213=VERTEX_POINT('',#3282);
#1214=VERTEX_POINT('',#3283);
#1215=VERTEX_POINT('',#3285);
#1216=VERTEX_POINT('',#3287);
#1217=VERTEX_POINT('',#3296);
#1218=VERTEX_POINT('',#3297);
#1219=VERTEX_POINT('',#3299);
#1220=VERTEX_POINT('',#3301);
#1221=VERTEX_POINT('',#3305);
#1222=VERTEX_POINT('',#3307);
#1223=VERTEX_POINT('',#3311);
#1224=VERTEX_POINT('',#3313);
#1225=VERTEX_POINT('',#3320);
#1226=VERTEX_POINT('',#3321);
#1227=VERTEX_POINT('',#3323);
#1228=VERTEX_POINT('',#3325);
#1229=VERTEX_POINT('',#3327);
#1230=VERTEX_POINT('',#3329);
#1231=VERTEX_POINT('',#3331);
#1232=VERTEX_POINT('',#3333);
#1233=VERTEX_POINT('',#3337);
#1234=VERTEX_POINT('',#3339);
#1235=VERTEX_POINT('',#3343);
#1236=VERTEX_POINT('',#3344);
#1237=VERTEX_POINT('',#3387);
#1238=VERTEX_POINT('',#3388);
#1239=VERTEX_POINT('',#3390);
#1240=VERTEX_POINT('',#3392);
#1241=VERTEX_POINT('',#3394);
#1242=VERTEX_POINT('',#3396);
#1243=VERTEX_POINT('',#3398);
#1244=VERTEX_POINT('',#3400);
#1245=VERTEX_POINT('',#3402);
#1246=VERTEX_POINT('',#3404);
#1247=VERTEX_POINT('',#3406);
#1248=VERTEX_POINT('',#3408);
#1249=VERTEX_POINT('',#3411);
#1250=VERTEX_POINT('',#3412);
#1251=VERTEX_POINT('',#3414);
#1252=VERTEX_POINT('',#3416);
#1253=VERTEX_POINT('',#3419);
#1254=VERTEX_POINT('',#3420);
#1255=VERTEX_POINT('',#3422);
#1256=VERTEX_POINT('',#3424);
#1257=VERTEX_POINT('',#3426);
#1258=VERTEX_POINT('',#3428);
#1259=VERTEX_POINT('',#3430);
#1260=VERTEX_POINT('',#3432);
#1261=VERTEX_POINT('',#3434);
#1262=VERTEX_POINT('',#3436);
#1263=VERTEX_POINT('',#3438);
#1264=VERTEX_POINT('',#3440);
#1265=VERTEX_POINT('',#3444);
#1266=VERTEX_POINT('',#3448);
#1267=VERTEX_POINT('',#3450);
#1268=VERTEX_POINT('',#3454);
#1269=VERTEX_POINT('',#3458);
#1270=VERTEX_POINT('',#3460);
#1271=VERTEX_POINT('',#3463);
#1272=VERTEX_POINT('',#3464);
#1273=VERTEX_POINT('',#3466);
#1274=VERTEX_POINT('',#3468);
#1275=VERTEX_POINT('',#3470);
#1276=VERTEX_POINT('',#3472);
#1277=VERTEX_POINT('',#3474);
#1278=VERTEX_POINT('',#3476);
#1279=VERTEX_POINT('',#3478);
#1280=VERTEX_POINT('',#3480);
#1281=VERTEX_POINT('',#3482);
#1282=VERTEX_POINT('',#3484);
#1283=VERTEX_POINT('',#3486);
#1284=VERTEX_POINT('',#3488);
#1285=VERTEX_POINT('',#3490);
#1286=VERTEX_POINT('',#3494);
#1287=VERTEX_POINT('',#3495);
#1288=VERTEX_POINT('',#3500);
#1289=VERTEX_POINT('',#3504);
#1290=VERTEX_POINT('',#3511);
#1291=VERTEX_POINT('',#3513);
#1292=VERTEX_POINT('',#3517);
#1293=VERTEX_POINT('',#3521);
#1294=VERTEX_POINT('',#3525);
#1295=VERTEX_POINT('',#3536);
#1296=VERTEX_POINT('',#3549);
#1297=VERTEX_POINT('',#3555);
#1298=VERTEX_POINT('',#3566);
#1299=VERTEX_POINT('',#3579);
#1300=VERTEX_POINT('',#3585);
#1301=VERTEX_POINT('',#3589);
#1302=VERTEX_POINT('',#3593);
#1303=VERTEX_POINT('',#3597);
#1304=VERTEX_POINT('',#3601);
#1305=VERTEX_POINT('',#3605);
#1306=VERTEX_POINT('',#3609);
#1307=VERTEX_POINT('',#3613);
#1308=VERTEX_POINT('',#3620);
#1309=VERTEX_POINT('',#3621);
#1310=VERTEX_POINT('',#3623);
#1311=VERTEX_POINT('',#3625);
#1312=VERTEX_POINT('',#3629);
#1313=VERTEX_POINT('',#3631);
#1314=VERTEX_POINT('',#3635);
#1315=VERTEX_POINT('',#3637);
#1316=VERTEX_POINT('',#3641);
#1317=VERTEX_POINT('',#3643);
#1318=VERTEX_POINT('',#3647);
#1319=VERTEX_POINT('',#3649);
#1320=VERTEX_POINT('',#3653);
#1321=VERTEX_POINT('',#3655);
#1322=VERTEX_POINT('',#3659);
#1323=VERTEX_POINT('',#3661);
#1324=VERTEX_POINT('',#3665);
#1325=VERTEX_POINT('',#3667);
#1326=VERTEX_POINT('',#3671);
#1327=VERTEX_POINT('',#3673);
#1328=VERTEX_POINT('',#3677);
#1329=VERTEX_POINT('',#3679);
#1330=VERTEX_POINT('',#3683);
#1331=VERTEX_POINT('',#3685);
#1332=VERTEX_POINT('',#3689);
#1333=VERTEX_POINT('',#3691);
#1334=VERTEX_POINT('',#3695);
#1335=VERTEX_POINT('',#3699);
#1336=VERTEX_POINT('',#3703);
#1337=VERTEX_POINT('',#3707);
#1338=VERTEX_POINT('',#3711);
#1339=VERTEX_POINT('',#3715);
#1340=VERTEX_POINT('',#3719);
#1341=VERTEX_POINT('',#3723);
#1342=VERTEX_POINT('',#3727);
#1343=VERTEX_POINT('',#3731);
#1344=VERTEX_POINT('',#3741);
#1345=VERTEX_POINT('',#3742);
#1346=VERTEX_POINT('',#3744);
#1347=VERTEX_POINT('',#3746);
#1348=VERTEX_POINT('',#3750);
#1349=VERTEX_POINT('',#3752);
#1350=VERTEX_POINT('',#3756);
#1351=VERTEX_POINT('',#3758);
#1352=VERTEX_POINT('',#3762);
#1353=VERTEX_POINT('',#3764);
#1354=VERTEX_POINT('',#3768);
#1355=VERTEX_POINT('',#3770);
#1356=VERTEX_POINT('',#3774);
#1357=VERTEX_POINT('',#3776);
#1358=VERTEX_POINT('',#3780);
#1359=VERTEX_POINT('',#3782);
#1360=VERTEX_POINT('',#3786);
#1361=VERTEX_POINT('',#3788);
#1362=VERTEX_POINT('',#3792);
#1363=VERTEX_POINT('',#3794);
#1364=VERTEX_POINT('',#3798);
#1365=VERTEX_POINT('',#3800);
#1366=VERTEX_POINT('',#3804);
#1367=VERTEX_POINT('',#3806);
#1368=VERTEX_POINT('',#3810);
#1369=VERTEX_POINT('',#3811);
#1370=VERTEX_POINT('',#3813);
#1371=VERTEX_POINT('',#3815);
#1372=VERTEX_POINT('',#3819);
#1373=VERTEX_POINT('',#3821);
#1374=VERTEX_POINT('',#3825);
#1375=VERTEX_POINT('',#3827);
#1376=VERTEX_POINT('',#3831);
#1377=VERTEX_POINT('',#3833);
#1378=VERTEX_POINT('',#3837);
#1379=VERTEX_POINT('',#3839);
#1380=VERTEX_POINT('',#3843);
#1381=VERTEX_POINT('',#3845);
#1382=VERTEX_POINT('',#3849);
#1383=VERTEX_POINT('',#3851);
#1384=VERTEX_POINT('',#3855);
#1385=VERTEX_POINT('',#3857);
#1386=VERTEX_POINT('',#3861);
#1387=VERTEX_POINT('',#3863);
#1388=VERTEX_POINT('',#3867);
#1389=VERTEX_POINT('',#3869);
#1390=VERTEX_POINT('',#3873);
#1391=VERTEX_POINT('',#3875);
#1392=VERTEX_POINT('',#3879);
#1393=VERTEX_POINT('',#3881);
#1394=VERTEX_POINT('',#3885);
#1395=VERTEX_POINT('',#3889);
#1396=VERTEX_POINT('',#3893);
#1397=VERTEX_POINT('',#3897);
#1398=VERTEX_POINT('',#3901);
#1399=VERTEX_POINT('',#3905);
#1400=VERTEX_POINT('',#3909);
#1401=VERTEX_POINT('',#3913);
#1402=VERTEX_POINT('',#3917);
#1403=VERTEX_POINT('',#3921);
#1404=VERTEX_POINT('',#3925);
#1405=VERTEX_POINT('',#3929);
#1406=VERTEX_POINT('',#3933);
#1407=LINE('',#3229,#1618);
#1408=LINE('',#3232,#1619);
#1409=LINE('',#3234,#1620);
#1410=LINE('',#3236,#1621);
#1411=LINE('',#3237,#1622);
#1412=LINE('',#3240,#1623);
#1413=LINE('',#3242,#1624);
#1414=LINE('',#3244,#1625);
#1415=LINE('',#3246,#1626);
#1416=LINE('',#3249,#1627);
#1417=LINE('',#3251,#1628);
#1418=LINE('',#3253,#1629);
#1419=LINE('',#3254,#1630);
#1420=LINE('',#3257,#1631);
#1421=LINE('',#3259,#1632);
#1422=LINE('',#3261,#1633);
#1423=LINE('',#3263,#1634);
#1424=LINE('',#3266,#1635);
#1425=LINE('',#3268,#1636);
#1426=LINE('',#3270,#1637);
#1427=LINE('',#3272,#1638);
#1428=LINE('',#3275,#1639);
#1429=LINE('',#3277,#1640);
#1430=LINE('',#3279,#1641);
#1431=LINE('',#3281,#1642);
#1432=LINE('',#3284,#1643);
#1433=LINE('',#3286,#1644);
#1434=LINE('',#3288,#1645);
#1435=LINE('',#3295,#1646);
#1436=LINE('',#3298,#1647);
#1437=LINE('',#3300,#1648);
#1438=LINE('',#3302,#1649);
#1439=LINE('',#3304,#1650);
#1440=LINE('',#3306,#1651);
#1441=LINE('',#3308,#1652);
#1442=LINE('',#3310,#1653);
#1443=LINE('',#3312,#1654);
#1444=LINE('',#3314,#1655);
#1445=LINE('',#3316,#1656);
#1446=LINE('',#3317,#1657);
#1447=LINE('',#3319,#1658);
#1448=LINE('',#3324,#1659);
#1449=LINE('',#3328,#1660);
#1450=LINE('',#3332,#1661);
#1451=LINE('',#3336,#1662);
#1452=LINE('',#3338,#1663);
#1453=LINE('',#3340,#1664);
#1454=LINE('',#3342,#1665);
#1455=LINE('',#3345,#1666);
#1456=LINE('',#3346,#1667);
#1457=LINE('',#3348,#1668);
#1458=LINE('',#3350,#1669);
#1459=LINE('',#3377,#1670);
#1460=LINE('',#3378,#1671);
#1461=LINE('',#3380,#1672);
#1462=LINE('',#3382,#1673);
#1463=LINE('',#3386,#1674);
#1464=LINE('',#3389,#1675);
#1465=LINE('',#3391,#1676);
#1466=LINE('',#3399,#1677);
#1467=LINE('',#3407,#1678);
#1468=LINE('',#3409,#1679);
#1469=LINE('',#3410,#1680);
#1470=LINE('',#3413,#1681);
#1471=LINE('',#3415,#1682);
#1472=LINE('',#3417,#1683);
#1473=LINE('',#3418,#1684);
#1474=LINE('',#3427,#1685);
#1475=LINE('',#3435,#1686);
#1476=LINE('',#3437,#1687);
#1477=LINE('',#3439,#1688);
#1478=LINE('',#3449,#1689);
#1479=LINE('',#3459,#1690);
#1480=LINE('',#3461,#1691);
#1481=LINE('',#3462,#1692);
#1482=LINE('',#3465,#1693);
#1483=LINE('',#3467,#1694);
#1484=LINE('',#3475,#1695);
#1485=LINE('',#3485,#1696);
#1486=LINE('',#3493,#1697);
#1487=LINE('',#3496,#1698);
#1488=LINE('',#3497,#1699);
#1489=LINE('',#3499,#1700);
#1490=LINE('',#3501,#1701);
#1491=LINE('',#3503,#1702);
#1492=LINE('',#3505,#1703);
#1493=LINE('',#3507,#1704);
#1494=LINE('',#3510,#1705);
#1495=LINE('',#3514,#1706);
#1496=LINE('',#3516,#1707);
#1497=LINE('',#3518,#1708);
#1498=LINE('',#3520,#1709);
#1499=LINE('',#3522,#1710);
#1500=LINE('',#3524,#1711);
#1501=LINE('',#3526,#1712);
#1502=LINE('',#3535,#1713);
#1503=LINE('',#3548,#1714);
#1504=LINE('',#3554,#1715);
#1505=LINE('',#3556,#1716);
#1506=LINE('',#3565,#1717);
#1507=LINE('',#3578,#1718);
#1508=LINE('',#3584,#1719);
#1509=LINE('',#3586,#1720);
#1510=LINE('',#3588,#1721);
#1511=LINE('',#3590,#1722);
#1512=LINE('',#3592,#1723);
#1513=LINE('',#3594,#1724);
#1514=LINE('',#3596,#1725);
#1515=LINE('',#3600,#1726);
#1516=LINE('',#3604,#1727);
#1517=LINE('',#3608,#1728);
#1518=LINE('',#3610,#1729);
#1519=LINE('',#3612,#1730);
#1520=LINE('',#3619,#1731);
#1521=LINE('',#3622,#1732);
#1522=LINE('',#3624,#1733);
#1523=LINE('',#3626,#1734);
#1524=LINE('',#3630,#1735);
#1525=LINE('',#3636,#1736);
#1526=LINE('',#3640,#1737);
#1527=LINE('',#3642,#1738);
#1528=LINE('',#3644,#1739);
#1529=LINE('',#3648,#1740);
#1530=LINE('',#3654,#1741);
#1531=LINE('',#3658,#1742);
#1532=LINE('',#3660,#1743);
#1533=LINE('',#3662,#1744);
#1534=LINE('',#3666,#1745);
#1535=LINE('',#3672,#1746);
#1536=LINE('',#3676,#1747);
#1537=LINE('',#3678,#1748);
#1538=LINE('',#3680,#1749);
#1539=LINE('',#3684,#1750);
#1540=LINE('',#3688,#1751);
#1541=LINE('',#3690,#1752);
#1542=LINE('',#3692,#1753);
#1543=LINE('',#3694,#1754);
#1544=LINE('',#3696,#1755);
#1545=LINE('',#3698,#1756);
#1546=LINE('',#3700,#1757);
#1547=LINE('',#3702,#1758);
#1548=LINE('',#3704,#1759);
#1549=LINE('',#3706,#1760);
#1550=LINE('',#3710,#1761);
#1551=LINE('',#3714,#1762);
#1552=LINE('',#3718,#1763);
#1553=LINE('',#3720,#1764);
#1554=LINE('',#3722,#1765);
#1555=LINE('',#3726,#1766);
#1556=LINE('',#3730,#1767);
#1557=LINE('',#3734,#1768);
#1558=LINE('',#3740,#1769);
#1559=LINE('',#3743,#1770);
#1560=LINE('',#3745,#1771);
#1561=LINE('',#3747,#1772);
#1562=LINE('',#3751,#1773);
#1563=LINE('',#3757,#1774);
#1564=LINE('',#3761,#1775);
#1565=LINE('',#3763,#1776);
#1566=LINE('',#3765,#1777);
#1567=LINE('',#3769,#1778);
#1568=LINE('',#3775,#1779);
#1569=LINE('',#3779,#1780);
#1570=LINE('',#3781,#1781);
#1571=LINE('',#3783,#1782);
#1572=LINE('',#3787,#1783);
#1573=LINE('',#3793,#1784);
#1574=LINE('',#3797,#1785);
#1575=LINE('',#3799,#1786);
#1576=LINE('',#3801,#1787);
#1577=LINE('',#3805,#1788);
#1578=LINE('',#3809,#1789);
#1579=LINE('',#3812,#1790);
#1580=LINE('',#3814,#1791);
#1581=LINE('',#3816,#1792);
#1582=LINE('',#3820,#1793);
#1583=LINE('',#3826,#1794);
#1584=LINE('',#3830,#1795);
#1585=LINE('',#3832,#1796);
#1586=LINE('',#3834,#1797);
#1587=LINE('',#3838,#1798);
#1588=LINE('',#3844,#1799);
#1589=LINE('',#3848,#1800);
#1590=LINE('',#3850,#1801);
#1591=LINE('',#3852,#1802);
#1592=LINE('',#3856,#1803);
#1593=LINE('',#3862,#1804);
#1594=LINE('',#3866,#1805);
#1595=LINE('',#3868,#1806);
#1596=LINE('',#3870,#1807);
#1597=LINE('',#3874,#1808);
#1598=LINE('',#3878,#1809);
#1599=LINE('',#3880,#1810);
#1600=LINE('',#3882,#1811);
#1601=LINE('',#3884,#1812);
#1602=LINE('',#3886,#1813);
#1603=LINE('',#3888,#1814);
#1604=LINE('',#3892,#1815);
#1605=LINE('',#3896,#1816);
#1606=LINE('',#3900,#1817);
#1607=LINE('',#3902,#1818);
#1608=LINE('',#3904,#1819);
#1609=LINE('',#3908,#1820);
#1610=LINE('',#3912,#1821);
#1611=LINE('',#3916,#1822);
#1612=LINE('',#3920,#1823);
#1613=LINE('',#3922,#1824);
#1614=LINE('',#3924,#1825);
#1615=LINE('',#3928,#1826);
#1616=LINE('',#3932,#1827);
#1617=LINE('',#3939,#1828);
#1618=VECTOR('',#2550,1.);
#1619=VECTOR('',#2551,1.);
#1620=VECTOR('',#2552,1.);
#1621=VECTOR('',#2553,1.);
#1622=VECTOR('',#2554,1.);
#1623=VECTOR('',#2555,1.);
#1624=VECTOR('',#2556,1.);
#1625=VECTOR('',#2557,1.);
#1626=VECTOR('',#2560,1.);
#1627=VECTOR('',#2561,1.);
#1628=VECTOR('',#2562,1.);
#1629=VECTOR('',#2563,1.);
#1630=VECTOR('',#2564,1.);
#1631=VECTOR('',#2565,1.);
#1632=VECTOR('',#2566,1.);
#1633=VECTOR('',#2567,1.);
#1634=VECTOR('',#2570,1.);
#1635=VECTOR('',#2571,1.);
#1636=VECTOR('',#2572,1.);
#1637=VECTOR('',#2573,1.);
#1638=VECTOR('',#2576,1.);
#1639=VECTOR('',#2577,1.);
#1640=VECTOR('',#2578,1.);
#1641=VECTOR('',#2579,1.);
#1642=VECTOR('',#2582,1.);
#1643=VECTOR('',#2583,1.);
#1644=VECTOR('',#2584,1.);
#1645=VECTOR('',#2585,1.);
#1646=VECTOR('',#2598,1.);
#1647=VECTOR('',#2599,1.);
#1648=VECTOR('',#2600,1.);
#1649=VECTOR('',#2601,1.);
#1650=VECTOR('',#2604,1.);
#1651=VECTOR('',#2605,1.);
#1652=VECTOR('',#2606,1.);
#1653=VECTOR('',#2609,1.);
#1654=VECTOR('',#2610,1.);
#1655=VECTOR('',#2611,1.);
#1656=VECTOR('',#2614,1.);
#1657=VECTOR('',#2615,1.);
#1658=VECTOR('',#2618,1.);
#1659=VECTOR('',#2621,1.);
#1660=VECTOR('',#2624,1.);
#1661=VECTOR('',#2627,1.);
#1662=VECTOR('',#2632,1.);
#1663=VECTOR('',#2633,1.);
#1664=VECTOR('',#2634,1.);
#1665=VECTOR('',#2637,1.);
#1666=VECTOR('',#2638,1.);
#1667=VECTOR('',#2639,1.);
#1668=VECTOR('',#2642,1.);
#1669=VECTOR('',#2645,1.);
#1670=VECTOR('',#2698,1.);
#1671=VECTOR('',#2699,1.);
#1672=VECTOR('',#2702,1.);
#1673=VECTOR('',#2705,1.);
#1674=VECTOR('',#2712,1.);
#1675=VECTOR('',#2713,1.);
#1676=VECTOR('',#2714,1.);
#1677=VECTOR('',#2721,1.);
#1678=VECTOR('',#2728,1.);
#1679=VECTOR('',#2729,1.);
#1680=VECTOR('',#2730,1.);
#1681=VECTOR('',#2731,1.);
#1682=VECTOR('',#2732,1.);
#1683=VECTOR('',#2733,1.);
#1684=VECTOR('',#2734,1.);
#1685=VECTOR('',#2741,1.);
#1686=VECTOR('',#2748,1.);
#1687=VECTOR('',#2749,1.);
#1688=VECTOR('',#2750,1.);
#1689=VECTOR('',#2751,1.);
#1690=VECTOR('',#2752,1.);
#1691=VECTOR('',#2753,1.);
#1692=VECTOR('',#2754,1.);
#1693=VECTOR('',#2755,1.);
#1694=VECTOR('',#2756,1.);
#1695=VECTOR('',#2763,1.);
#1696=VECTOR('',#2772,1.);
#1697=VECTOR('',#2781,1.);
#1698=VECTOR('',#2782,1.);
#1699=VECTOR('',#2783,1.);
#1700=VECTOR('',#2786,1.);
#1701=VECTOR('',#2787,1.);
#1702=VECTOR('',#2790,1.);
#1703=VECTOR('',#2791,1.);
#1704=VECTOR('',#2794,1.);
#1705=VECTOR('',#2799,1.);
#1706=VECTOR('',#2802,1.);
#1707=VECTOR('',#2805,1.);
#1708=VECTOR('',#2806,1.);
#1709=VECTOR('',#2809,1.);
#1710=VECTOR('',#2810,1.);
#1711=VECTOR('',#2813,1.);
#1712=VECTOR('',#2814,1.);
#1713=VECTOR('',#2815,1.);
#1714=VECTOR('',#2816,1.);
#1715=VECTOR('',#2819,1.);
#1716=VECTOR('',#2820,1.);
#1717=VECTOR('',#2821,1.);
#1718=VECTOR('',#2822,1.);
#1719=VECTOR('',#2825,1.);
#1720=VECTOR('',#2826,1.);
#1721=VECTOR('',#2829,1.);
#1722=VECTOR('',#2830,1.);
#1723=VECTOR('',#2833,1.);
#1724=VECTOR('',#2834,1.);
#1725=VECTOR('',#2837,1.);
#1726=VECTOR('',#2842,1.);
#1727=VECTOR('',#2847,1.);
#1728=VECTOR('',#2852,1.);
#1729=VECTOR('',#2853,1.);
#1730=VECTOR('',#2856,1.);
#1731=VECTOR('',#2867,1.);
#1732=VECTOR('',#2868,1.);
#1733=VECTOR('',#2869,1.);
#1734=VECTOR('',#2870,1.);
#1735=VECTOR('',#2875,1.);
#1736=VECTOR('',#2882,1.);
#1737=VECTOR('',#2887,1.);
#1738=VECTOR('',#2888,1.);
#1739=VECTOR('',#2889,1.);
#1740=VECTOR('',#2894,1.);
#1741=VECTOR('',#2901,1.);
#1742=VECTOR('',#2906,1.);
#1743=VECTOR('',#2907,1.);
#1744=VECTOR('',#2908,1.);
#1745=VECTOR('',#2913,1.);
#1746=VECTOR('',#2920,1.);
#1747=VECTOR('',#2925,1.);
#1748=VECTOR('',#2926,1.);
#1749=VECTOR('',#2927,1.);
#1750=VECTOR('',#2932,1.);
#1751=VECTOR('',#2937,1.);
#1752=VECTOR('',#2938,1.);
#1753=VECTOR('',#2939,1.);
#1754=VECTOR('',#2942,1.);
#1755=VECTOR('',#2943,1.);
#1756=VECTOR('',#2946,1.);
#1757=VECTOR('',#2947,1.);
#1758=VECTOR('',#2950,1.);
#1759=VECTOR('',#2951,1.);
#1760=VECTOR('',#2954,1.);
#1761=VECTOR('',#2959,1.);
#1762=VECTOR('',#2964,1.);
#1763=VECTOR('',#2969,1.);
#1764=VECTOR('',#2970,1.);
#1765=VECTOR('',#2973,1.);
#1766=VECTOR('',#2978,1.);
#1767=VECTOR('',#2983,1.);
#1768=VECTOR('',#2988,1.);
#1769=VECTOR('',#2999,1.);
#1770=VECTOR('',#3000,1.);
#1771=VECTOR('',#3001,1.);
#1772=VECTOR('',#3002,1.);
#1773=VECTOR('',#3007,1.);
#1774=VECTOR('',#3014,1.);
#1775=VECTOR('',#3019,1.);
#1776=VECTOR('',#3020,1.);
#1777=VECTOR('',#3021,1.);
#1778=VECTOR('',#3026,1.);
#1779=VECTOR('',#3033,1.);
#1780=VECTOR('',#3038,1.);
#1781=VECTOR('',#3039,1.);
#1782=VECTOR('',#3040,1.);
#1783=VECTOR('',#3045,1.);
#1784=VECTOR('',#3052,1.);
#1785=VECTOR('',#3057,1.);
#1786=VECTOR('',#3058,1.);
#1787=VECTOR('',#3059,1.);
#1788=VECTOR('',#3064,1.);
#1789=VECTOR('',#3069,1.);
#1790=VECTOR('',#3070,1.);
#1791=VECTOR('',#3071,1.);
#1792=VECTOR('',#3072,1.);
#1793=VECTOR('',#3077,1.);
#1794=VECTOR('',#3084,1.);
#1795=VECTOR('',#3089,1.);
#1796=VECTOR('',#3090,1.);
#1797=VECTOR('',#3091,1.);
#1798=VECTOR('',#3096,1.);
#1799=VECTOR('',#3103,1.);
#1800=VECTOR('',#3108,1.);
#1801=VECTOR('',#3109,1.);
#1802=VECTOR('',#3110,1.);
#1803=VECTOR('',#3115,1.);
#1804=VECTOR('',#3122,1.);
#1805=VECTOR('',#3127,1.);
#1806=VECTOR('',#3128,1.);
#1807=VECTOR('',#3129,1.);
#1808=VECTOR('',#3134,1.);
#1809=VECTOR('',#3139,1.);
#1810=VECTOR('',#3140,1.);
#1811=VECTOR('',#3141,1.);
#1812=VECTOR('',#3144,1.);
#1813=VECTOR('',#3145,1.);
#1814=VECTOR('',#3148,1.);
#1815=VECTOR('',#3153,1.);
#1816=VECTOR('',#3158,1.);
#1817=VECTOR('',#3163,1.);
#1818=VECTOR('',#3164,1.);
#1819=VECTOR('',#3167,1.);
#1820=VECTOR('',#3172,1.);
#1821=VECTOR('',#3177,1.);
#1822=VECTOR('',#3182,1.);
#1823=VECTOR('',#3187,1.);
#1824=VECTOR('',#3188,1.);
#1825=VECTOR('',#3191,1.);
#1826=VECTOR('',#3196,1.);
#1827=VECTOR('',#3201,1.);
#1828=VECTOR('',#3212,1.);
#1829=EDGE_LOOP('',(#196,#197,#198,#199));
#1830=EDGE_LOOP('',(#200,#201,#202,#203));
#1831=EDGE_LOOP('',(#204,#205,#206,#207));
#1832=EDGE_LOOP('',(#208,#209,#210,#211));
#1833=EDGE_LOOP('',(#212,#213,#214,#215));
#1834=EDGE_LOOP('',(#216,#217,#218,#219));
#1835=EDGE_LOOP('',(#220,#221,#222,#223));
#1836=EDGE_LOOP('',(#224,#225,#226,#227,#228,#229,#230,#231));
#1837=EDGE_LOOP('',(#232,#233,#234,#235));
#1838=EDGE_LOOP('',(#236,#237,#238,#239));
#1839=EDGE_LOOP('',(#240,#241,#242,#243));
#1840=EDGE_LOOP('',(#244,#245,#246,#247));
#1841=EDGE_LOOP('',(#248,#249,#250,#251,#252,#253,#254,#255));
#1842=EDGE_LOOP('',(#256,#257,#258,#259));
#1843=EDGE_LOOP('',(#260,#261,#262,#263));
#1844=EDGE_LOOP('',(#264,#265,#266,#267));
#1845=EDGE_LOOP('',(#268,#269,#270,#271));
#1846=EDGE_LOOP('',(#272,#273,#274,#275));
#1847=EDGE_LOOP('',(#276,#277,#278,#279));
#1848=EDGE_LOOP('',(#280,#281,#282,#283));
#1849=EDGE_LOOP('',(#284,#285,#286,#287));
#1850=EDGE_LOOP('',(#288,#289,#290,#291));
#1851=EDGE_LOOP('',(#292,#293,#294,#295));
#1852=EDGE_LOOP('',(#296,#297,#298,#299));
#1853=EDGE_LOOP('',(#300,#301,#302,#303));
#1854=EDGE_LOOP('',(#304,#305,#306,#307));
#1855=EDGE_LOOP('',(#308,#309,#310,#311));
#1856=EDGE_LOOP('',(#312,#313,#314,#315));
#1857=EDGE_LOOP('',(#316,#317,#318,#319));
#1858=EDGE_LOOP('',(#320,#321,#322,#323));
#1859=EDGE_LOOP('',(#324,#325,#326,#327));
#1860=EDGE_LOOP('',(#328,#329,#330,#331));
#1861=EDGE_LOOP('',(#332,#333,#334,#335));
#1862=EDGE_LOOP('',(#336,#337,#338,#339));
#1863=EDGE_LOOP('',(#340,#341,#342,#343));
#1864=EDGE_LOOP('',(#344,#345,#346,#347));
#1865=EDGE_LOOP('',(#348,#349,#350,#351,#352,#353,#354,#355,#356,#357,#358,
#359));
#1866=EDGE_LOOP('',(#360,#361,#362,#363));
#1867=EDGE_LOOP('',(#364,#365,#366,#367,#368,#369,#370,#371,#372,#373,#374,
#375,#376,#377,#378,#379,#380,#381));
#1868=EDGE_LOOP('',(#382,#383,#384,#385,#386,#387,#388,#389,#390,#391,#392,
#393,#394,#395,#396));
#1869=EDGE_LOOP('',(#397,#398,#399,#400));
#1870=EDGE_LOOP('',(#401,#402,#403,#404));
#1871=EDGE_LOOP('',(#405,#406,#407,#408));
#1872=EDGE_LOOP('',(#409,#410,#411,#412));
#1873=EDGE_LOOP('',(#413,#414,#415,#416));
#1874=EDGE_LOOP('',(#417,#418,#419,#420));
#1875=EDGE_LOOP('',(#421,#422,#423,#424));
#1876=EDGE_LOOP('',(#425,#426,#427,#428));
#1877=EDGE_LOOP('',(#429,#430,#431,#432));
#1878=EDGE_LOOP('',(#433,#434,#435,#436));
#1879=EDGE_LOOP('',(#437,#438,#439,#440));
#1880=EDGE_LOOP('',(#441,#442,#443,#444));
#1881=EDGE_LOOP('',(#445,#446,#447,#448));
#1882=EDGE_LOOP('',(#449,#450,#451,#452));
#1883=EDGE_LOOP('',(#453,#454,#455,#456));
#1884=EDGE_LOOP('',(#457,#458,#459,#460));
#1885=EDGE_LOOP('',(#461,#462,#463,#464));
#1886=EDGE_LOOP('',(#465,#466,#467,#468));
#1887=EDGE_LOOP('',(#469,#470,#471,#472));
#1888=EDGE_LOOP('',(#473,#474,#475,#476));
#1889=EDGE_LOOP('',(#477,#478,#479,#480));
#1890=EDGE_LOOP('',(#481,#482,#483,#484));
#1891=EDGE_LOOP('',(#485,#486,#487,#488));
#1892=EDGE_LOOP('',(#489,#490,#491,#492,#493,#494,#495,#496,#497,#498,#499,
#500,#501,#502,#503,#504,#505,#506));
#1893=EDGE_LOOP('',(#507,#508,#509,#510));
#1894=EDGE_LOOP('',(#511,#512,#513,#514));
#1895=EDGE_LOOP('',(#515,#516,#517,#518));
#1896=EDGE_LOOP('',(#519,#520,#521,#522));
#1897=EDGE_LOOP('',(#523,#524,#525,#526));
#1898=EDGE_LOOP('',(#527,#528,#529,#530));
#1899=EDGE_LOOP('',(#531,#532,#533,#534));
#1900=EDGE_LOOP('',(#535,#536,#537,#538));
#1901=EDGE_LOOP('',(#539,#540,#541,#542));
#1902=EDGE_LOOP('',(#543,#544,#545,#546));
#1903=EDGE_LOOP('',(#547,#548,#549,#550));
#1904=EDGE_LOOP('',(#551,#552,#553,#554));
#1905=EDGE_LOOP('',(#555,#556,#557,#558));
#1906=EDGE_LOOP('',(#559,#560,#561,#562));
#1907=EDGE_LOOP('',(#563,#564,#565,#566));
#1908=EDGE_LOOP('',(#567,#568,#569,#570));
#1909=EDGE_LOOP('',(#571,#572,#573,#574));
#1910=EDGE_LOOP('',(#575,#576,#577,#578));
#1911=EDGE_LOOP('',(#579,#580,#581,#582));
#1912=EDGE_LOOP('',(#583,#584,#585,#586));
#1913=EDGE_LOOP('',(#587,#588,#589,#590));
#1914=EDGE_LOOP('',(#591,#592,#593,#594));
#1915=EDGE_LOOP('',(#595,#596,#597,#598));
#1916=EDGE_LOOP('',(#599,#600,#601,#602));
#1917=EDGE_LOOP('',(#603,#604,#605,#606,#607,#608,#609,#610,#611,#612,#613,
#614));
#1918=EDGE_LOOP('',(#615,#616,#617,#618,#619,#620,#621,#622,#623,#624,#625,
#626));
#1919=EDGE_LOOP('',(#627,#628,#629,#630));
#1920=EDGE_LOOP('',(#631,#632,#633,#634));
#1921=EDGE_LOOP('',(#635,#636,#637,#638));
#1922=EDGE_LOOP('',(#639,#640,#641,#642));
#1923=EDGE_LOOP('',(#643,#644,#645,#646));
#1924=EDGE_LOOP('',(#647,#648,#649,#650));
#1925=EDGE_LOOP('',(#651,#652,#653,#654));
#1926=EDGE_LOOP('',(#655,#656,#657,#658));
#1927=EDGE_LOOP('',(#659,#660,#661,#662));
#1928=EDGE_LOOP('',(#663,#664,#665,#666));
#1929=EDGE_LOOP('',(#667,#668,#669,#670));
#1930=EDGE_LOOP('',(#671,#672,#673,#674));
#1931=EDGE_LOOP('',(#675,#676,#677,#678));
#1932=EDGE_LOOP('',(#679,#680,#681,#682));
#1933=EDGE_LOOP('',(#683,#684,#685,#686));
#1934=EDGE_LOOP('',(#687,#688,#689,#690));
#1935=EDGE_LOOP('',(#691,#692,#693,#694));
#1936=EDGE_LOOP('',(#695,#696,#697,#698));
#1937=EDGE_LOOP('',(#699,#700,#701,#702));
#1938=EDGE_LOOP('',(#703,#704,#705,#706));
#1939=EDGE_LOOP('',(#707,#708,#709,#710));
#1940=EDGE_LOOP('',(#711,#712,#713,#714));
#1941=EDGE_LOOP('',(#715,#716,#717,#718));
#1942=EDGE_LOOP('',(#719,#720,#721,#722));
#1943=EDGE_LOOP('',(#723,#724,#725,#726));
#1944=EDGE_LOOP('',(#727,#728,#729,#730));
#1945=EDGE_LOOP('',(#731,#732,#733,#734));
#1946=EDGE_LOOP('',(#735,#736,#737,#738));
#1947=EDGE_LOOP('',(#739,#740,#741,#742));
#1948=EDGE_LOOP('',(#743,#744,#745,#746));
#1949=EDGE_LOOP('',(#747,#748,#749,#750));
#1950=EDGE_LOOP('',(#751,#752,#753,#754));
#1951=EDGE_LOOP('',(#755,#756,#757,#758));
#1952=EDGE_LOOP('',(#759,#760,#761,#762));
#1953=EDGE_LOOP('',(#763,#764,#765,#766));
#1954=EDGE_LOOP('',(#767,#768,#769,#770));
#1955=EDGE_LOOP('',(#771,#772,#773,#774));
#1956=EDGE_LOOP('',(#775,#776,#777,#778));
#1957=EDGE_LOOP('',(#779,#780,#781,#782));
#1958=EDGE_LOOP('',(#783,#784,#785,#786,#787,#788,#789,#790,#791,#792,#793,
#794,#795,#796,#797));
#1959=EDGE_LOOP('',(#798,#799,#800,#801,#802,#803,#804,#805,#806,#807,#808,
#809));
#1960=EDGE_LOOP('',(#810,#811,#812,#813,#814,#815,#816,#817,#818,#819,#820,
#821));
#1961=EDGE_LOOP('',(#822,#823,#824,#825,#826,#827,#828,#829,#830,#831,#832,
#833));
#1962=EDGE_LOOP('',(#834,#835,#836,#837,#838,#839,#840,#841,#842,#843,#844,
#845));
#1963=EDGE_LOOP('',(#846,#847,#848,#849,#850,#851,#852,#853,#854,#855,#856,
#857));
#1964=FACE_BOUND('',#1829,.T.);
#1965=FACE_BOUND('',#1830,.T.);
#1966=FACE_BOUND('',#1831,.T.);
#1967=FACE_BOUND('',#1832,.T.);
#1968=FACE_BOUND('',#1833,.T.);
#1969=FACE_BOUND('',#1834,.T.);
#1970=FACE_BOUND('',#1835,.T.);
#1971=FACE_BOUND('',#1836,.T.);
#1972=FACE_BOUND('',#1837,.T.);
#1973=FACE_BOUND('',#1838,.T.);
#1974=FACE_BOUND('',#1839,.T.);
#1975=FACE_BOUND('',#1840,.T.);
#1976=FACE_BOUND('',#1841,.T.);
#1977=FACE_BOUND('',#1842,.T.);
#1978=FACE_BOUND('',#1843,.T.);
#1979=FACE_BOUND('',#1844,.T.);
#1980=FACE_BOUND('',#1845,.T.);
#1981=FACE_BOUND('',#1846,.T.);
#1982=FACE_BOUND('',#1847,.T.);
#1983=FACE_BOUND('',#1848,.T.);
#1984=FACE_BOUND('',#1849,.T.);
#1985=FACE_BOUND('',#1850,.T.);
#1986=FACE_BOUND('',#1851,.T.);
#1987=FACE_BOUND('',#1852,.T.);
#1988=FACE_BOUND('',#1853,.T.);
#1989=FACE_BOUND('',#1854,.T.);
#1990=FACE_BOUND('',#1855,.T.);
#1991=FACE_BOUND('',#1856,.T.);
#1992=FACE_BOUND('',#1857,.T.);
#1993=FACE_BOUND('',#1858,.T.);
#1994=FACE_BOUND('',#1859,.T.);
#1995=FACE_BOUND('',#1860,.T.);
#1996=FACE_BOUND('',#1861,.T.);
#1997=FACE_BOUND('',#1862,.T.);
#1998=FACE_BOUND('',#1863,.T.);
#1999=FACE_BOUND('',#1864,.T.);
#2000=FACE_BOUND('',#1865,.T.);
#2001=FACE_BOUND('',#1866,.T.);
#2002=FACE_BOUND('',#1867,.T.);
#2003=FACE_BOUND('',#1868,.T.);
#2004=FACE_BOUND('',#1869,.T.);
#2005=FACE_BOUND('',#1870,.T.);
#2006=FACE_BOUND('',#1871,.T.);
#2007=FACE_BOUND('',#1872,.T.);
#2008=FACE_BOUND('',#1873,.T.);
#2009=FACE_BOUND('',#1874,.T.);
#2010=FACE_BOUND('',#1875,.T.);
#2011=FACE_BOUND('',#1876,.T.);
#2012=FACE_BOUND('',#1877,.T.);
#2013=FACE_BOUND('',#1878,.T.);
#2014=FACE_BOUND('',#1879,.T.);
#2015=FACE_BOUND('',#1880,.T.);
#2016=FACE_BOUND('',#1881,.T.);
#2017=FACE_BOUND('',#1882,.T.);
#2018=FACE_BOUND('',#1883,.T.);
#2019=FACE_BOUND('',#1884,.T.);
#2020=FACE_BOUND('',#1885,.T.);
#2021=FACE_BOUND('',#1886,.T.);
#2022=FACE_BOUND('',#1887,.T.);
#2023=FACE_BOUND('',#1888,.T.);
#2024=FACE_BOUND('',#1889,.T.);
#2025=FACE_BOUND('',#1890,.T.);
#2026=FACE_BOUND('',#1891,.T.);
#2027=FACE_BOUND('',#1892,.T.);
#2028=FACE_BOUND('',#1893,.T.);
#2029=FACE_BOUND('',#1894,.T.);
#2030=FACE_BOUND('',#1895,.T.);
#2031=FACE_BOUND('',#1896,.T.);
#2032=FACE_BOUND('',#1897,.T.);
#2033=FACE_BOUND('',#1898,.T.);
#2034=FACE_BOUND('',#1899,.T.);
#2035=FACE_BOUND('',#1900,.T.);
#2036=FACE_BOUND('',#1901,.T.);
#2037=FACE_BOUND('',#1902,.T.);
#2038=FACE_BOUND('',#1903,.T.);
#2039=FACE_BOUND('',#1904,.T.);
#2040=FACE_BOUND('',#1905,.T.);
#2041=FACE_BOUND('',#1906,.T.);
#2042=FACE_BOUND('',#1907,.T.);
#2043=FACE_BOUND('',#1908,.T.);
#2044=FACE_BOUND('',#1909,.T.);
#2045=FACE_BOUND('',#1910,.T.);
#2046=FACE_BOUND('',#1911,.T.);
#2047=FACE_BOUND('',#1912,.T.);
#2048=FACE_BOUND('',#1913,.T.);
#2049=FACE_BOUND('',#1914,.T.);
#2050=FACE_BOUND('',#1915,.T.);
#2051=FACE_BOUND('',#1916,.T.);
#2052=FACE_BOUND('',#1917,.T.);
#2053=FACE_BOUND('',#1918,.T.);
#2054=FACE_BOUND('',#1919,.T.);
#2055=FACE_BOUND('',#1920,.T.);
#2056=FACE_BOUND('',#1921,.T.);
#2057=FACE_BOUND('',#1922,.T.);
#2058=FACE_BOUND('',#1923,.T.);
#2059=FACE_BOUND('',#1924,.T.);
#2060=FACE_BOUND('',#1925,.T.);
#2061=FACE_BOUND('',#1926,.T.);
#2062=FACE_BOUND('',#1927,.T.);
#2063=FACE_BOUND('',#1928,.T.);
#2064=FACE_BOUND('',#1929,.T.);
#2065=FACE_BOUND('',#1930,.T.);
#2066=FACE_BOUND('',#1931,.T.);
#2067=FACE_BOUND('',#1932,.T.);
#2068=FACE_BOUND('',#1933,.T.);
#2069=FACE_BOUND('',#1934,.T.);
#2070=FACE_BOUND('',#1935,.T.);
#2071=FACE_BOUND('',#1936,.T.);
#2072=FACE_BOUND('',#1937,.T.);
#2073=FACE_BOUND('',#1938,.T.);
#2074=FACE_BOUND('',#1939,.T.);
#2075=FACE_BOUND('',#1940,.T.);
#2076=FACE_BOUND('',#1941,.T.);
#2077=FACE_BOUND('',#1942,.T.);
#2078=FACE_BOUND('',#1943,.T.);
#2079=FACE_BOUND('',#1944,.T.);
#2080=FACE_BOUND('',#1945,.T.);
#2081=FACE_BOUND('',#1946,.T.);
#2082=FACE_BOUND('',#1947,.T.);
#2083=FACE_BOUND('',#1948,.T.);
#2084=FACE_BOUND('',#1949,.T.);
#2085=FACE_BOUND('',#1950,.T.);
#2086=FACE_BOUND('',#1951,.T.);
#2087=FACE_BOUND('',#1952,.T.);
#2088=FACE_BOUND('',#1953,.T.);
#2089=FACE_BOUND('',#1954,.T.);
#2090=FACE_BOUND('',#1955,.T.);
#2091=FACE_BOUND('',#1956,.T.);
#2092=FACE_BOUND('',#1957,.T.);
#2093=FACE_BOUND('',#1958,.T.);
#2094=FACE_BOUND('',#1959,.T.);
#2095=FACE_BOUND('',#1960,.T.);
#2096=FACE_BOUND('',#1961,.T.);
#2097=FACE_BOUND('',#1962,.T.);
#2098=FACE_BOUND('',#1963,.T.);
#2099=PLANE('',#2312);
#2100=PLANE('',#2313);
#2101=PLANE('',#2314);
#2102=PLANE('',#2315);
#2103=PLANE('',#2316);
#2104=PLANE('',#2317);
#2105=PLANE('',#2322);
#2106=PLANE('',#2323);
#2107=PLANE('',#2324);
#2108=PLANE('',#2325);
#2109=PLANE('',#2326);
#2110=PLANE('',#2331);
#2111=PLANE('',#2332);
#2112=PLANE('',#2333);
#2113=PLANE('',#2334);
#2114=PLANE('',#2335);
#2115=PLANE('',#2360);
#2116=PLANE('',#2361);
#2117=PLANE('',#2362);
#2118=PLANE('',#2363);
#2119=PLANE('',#2365);
#2120=PLANE('',#2388);
#2121=PLANE('',#2389);
#2122=PLANE('',#2390);
#2123=PLANE('',#2391);
#2124=PLANE('',#2392);
#2125=PLANE('',#2395);
#2126=PLANE('',#2396);
#2127=PLANE('',#2397);
#2128=PLANE('',#2398);
#2129=PLANE('',#2399);
#2130=PLANE('',#2400);
#2131=PLANE('',#2401);
#2132=PLANE('',#2408);
#2133=PLANE('',#2413);
#2134=PLANE('',#2414);
#2135=PLANE('',#2421);
#2136=PLANE('',#2428);
#2137=PLANE('',#2435);
#2138=PLANE('',#2439);
#2139=PLANE('',#2440);
#2140=PLANE('',#2441);
#2141=PLANE('',#2442);
#2142=PLANE('',#2449);
#2143=PLANE('',#2456);
#2144=PLANE('',#2460);
#2145=PLANE('',#2461);
#2146=PLANE('',#2468);
#2147=PLANE('',#2475);
#2148=PLANE('',#2482);
#2149=PLANE('',#2486);
#2150=PLANE('',#2493);
#2151=PLANE('',#2500);
#2152=PLANE('',#2507);
#2153=PLANE('',#2511);
#2154=PLANE('',#2512);
#2155=PLANE('',#2519);
#2156=PLANE('',#2528);
#2157=PLANE('',#2538);
#2158=PLANE('',#2542);
#2159=PLANE('',#2543);
#2160=PLANE('',#2544);
#2161=PLANE('',#2545);
#2162=ADVANCED_FACE('',(#1964,#1965),#2099,.T.);
#2163=ADVANCED_FACE('',(#1966,#1967),#2100,.T.);
#2164=ADVANCED_FACE('',(#1968),#2101,.F.);
#2165=ADVANCED_FACE('',(#1969),#2102,.F.);
#2166=ADVANCED_FACE('',(#1970),#2103,.T.);
#2167=ADVANCED_FACE('',(#1971),#2104,.T.);
#2168=ADVANCED_FACE('',(#1972),#2105,.T.);
#2169=ADVANCED_FACE('',(#1973),#2106,.F.);
#2170=ADVANCED_FACE('',(#1974),#2107,.F.);
#2171=ADVANCED_FACE('',(#1975),#2108,.T.);
#2172=ADVANCED_FACE('',(#1976,#1977),#2109,.T.);
#2173=ADVANCED_FACE('',(#1978,#1979),#2110,.F.);
#2174=ADVANCED_FACE('',(#1980),#2111,.F.);
#2175=ADVANCED_FACE('',(#1981),#2112,.F.);
#2176=ADVANCED_FACE('',(#1982),#2113,.F.);
#2177=ADVANCED_FACE('',(#1983),#2114,.T.);
#2178=ADVANCED_FACE('',(#1984),#30,.T.);
#2179=ADVANCED_FACE('',(#1985),#31,.T.);
#2180=ADVANCED_FACE('',(#1986),#32,.T.);
#2181=ADVANCED_FACE('',(#1987),#33,.T.);
#2182=ADVANCED_FACE('',(#1988),#26,.T.);
#2183=ADVANCED_FACE('',(#1989),#34,.T.);
#2184=ADVANCED_FACE('',(#1990),#35,.T.);
#2185=ADVANCED_FACE('',(#1991),#27,.T.);
#2186=ADVANCED_FACE('',(#1992),#28,.T.);
#2187=ADVANCED_FACE('',(#1993),#36,.T.);
#2188=ADVANCED_FACE('',(#1994),#37,.T.);
#2189=ADVANCED_FACE('',(#1995),#29,.T.);
#2190=ADVANCED_FACE('',(#1996),#2115,.T.);
#2191=ADVANCED_FACE('',(#1997),#2116,.F.);
#2192=ADVANCED_FACE('',(#1998),#2117,.F.);
#2193=ADVANCED_FACE('',(#1999),#2118,.T.);
#2194=ADVANCED_FACE('',(#2000,#2001,#2002,#2003),#2119,.T.);
#2195=ADVANCED_FACE('',(#2004),#2120,.T.);
#2196=ADVANCED_FACE('',(#2005),#2121,.F.);
#2197=ADVANCED_FACE('',(#2006),#2122,.F.);
#2198=ADVANCED_FACE('',(#2007),#2123,.T.);
#2199=ADVANCED_FACE('',(#2008),#2124,.F.);
#2200=ADVANCED_FACE('',(#2009),#38,.F.);
#2201=ADVANCED_FACE('',(#2010),#2125,.T.);
#2202=ADVANCED_FACE('',(#2011),#2126,.T.);
#2203=ADVANCED_FACE('',(#2012),#2127,.T.);
#2204=ADVANCED_FACE('',(#2013),#10,.T.);
#2205=ADVANCED_FACE('',(#2014),#11,.T.);
#2206=ADVANCED_FACE('',(#2015),#2128,.T.);
#2207=ADVANCED_FACE('',(#2016),#12,.T.);
#2208=ADVANCED_FACE('',(#2017),#13,.T.);
#2209=ADVANCED_FACE('',(#2018),#2129,.T.);
#2210=ADVANCED_FACE('',(#2019),#2130,.T.);
#2211=ADVANCED_FACE('',(#2020),#2131,.T.);
#2212=ADVANCED_FACE('',(#2021),#39,.F.);
#2213=ADVANCED_FACE('',(#2022),#40,.F.);
#2214=ADVANCED_FACE('',(#2023),#41,.F.);
#2215=ADVANCED_FACE('',(#2024),#2132,.T.);
#2216=ADVANCED_FACE('',(#2025),#42,.F.);
#2217=ADVANCED_FACE('',(#2026),#43,.F.);
#2218=ADVANCED_FACE('',(#2027),#2133,.T.);
#2219=ADVANCED_FACE('',(#2028),#2134,.T.);
#2220=ADVANCED_FACE('',(#2029),#44,.T.);
#2221=ADVANCED_FACE('',(#2030),#45,.T.);
#2222=ADVANCED_FACE('',(#2031),#2135,.T.);
#2223=ADVANCED_FACE('',(#2032),#46,.T.);
#2224=ADVANCED_FACE('',(#2033),#47,.T.);
#2225=ADVANCED_FACE('',(#2034),#2136,.T.);
#2226=ADVANCED_FACE('',(#2035),#48,.T.);
#2227=ADVANCED_FACE('',(#2036),#49,.T.);
#2228=ADVANCED_FACE('',(#2037),#2137,.T.);
#2229=ADVANCED_FACE('',(#2038),#50,.T.);
#2230=ADVANCED_FACE('',(#2039),#2138,.T.);
#2231=ADVANCED_FACE('',(#2040),#2139,.T.);
#2232=ADVANCED_FACE('',(#2041),#2140,.T.);
#2233=ADVANCED_FACE('',(#2042),#2141,.T.);
#2234=ADVANCED_FACE('',(#2043),#51,.F.);
#2235=ADVANCED_FACE('',(#2044),#52,.F.);
#2236=ADVANCED_FACE('',(#2045),#53,.F.);
#2237=ADVANCED_FACE('',(#2046),#2142,.T.);
#2238=ADVANCED_FACE('',(#2047),#54,.F.);
#2239=ADVANCED_FACE('',(#2048),#55,.F.);
#2240=ADVANCED_FACE('',(#2049),#56,.F.);
#2241=ADVANCED_FACE('',(#2050),#2143,.T.);
#2242=ADVANCED_FACE('',(#2051),#57,.T.);
#2243=ADVANCED_FACE('',(#2052,#2053),#2144,.T.);
#2244=ADVANCED_FACE('',(#2054),#2145,.T.);
#2245=ADVANCED_FACE('',(#2055),#58,.T.);
#2246=ADVANCED_FACE('',(#2056),#59,.T.);
#2247=ADVANCED_FACE('',(#2057),#2146,.T.);
#2248=ADVANCED_FACE('',(#2058),#60,.T.);
#2249=ADVANCED_FACE('',(#2059),#61,.T.);
#2250=ADVANCED_FACE('',(#2060),#2147,.T.);
#2251=ADVANCED_FACE('',(#2061),#62,.T.);
#2252=ADVANCED_FACE('',(#2062),#63,.T.);
#2253=ADVANCED_FACE('',(#2063),#2148,.T.);
#2254=ADVANCED_FACE('',(#2064),#64,.T.);
#2255=ADVANCED_FACE('',(#2065),#2149,.T.);
#2256=ADVANCED_FACE('',(#2066),#65,.T.);
#2257=ADVANCED_FACE('',(#2067),#66,.T.);
#2258=ADVANCED_FACE('',(#2068),#2150,.T.);
#2259=ADVANCED_FACE('',(#2069),#67,.T.);
#2260=ADVANCED_FACE('',(#2070),#68,.T.);
#2261=ADVANCED_FACE('',(#2071),#2151,.T.);
#2262=ADVANCED_FACE('',(#2072),#69,.T.);
#2263=ADVANCED_FACE('',(#2073),#70,.T.);
#2264=ADVANCED_FACE('',(#2074),#2152,.T.);
#2265=ADVANCED_FACE('',(#2075),#71,.T.);
#2266=ADVANCED_FACE('',(#2076),#2153,.T.);
#2267=ADVANCED_FACE('',(#2077),#2154,.T.);
#2268=ADVANCED_FACE('',(#2078),#72,.F.);
#2269=ADVANCED_FACE('',(#2079),#73,.F.);
#2270=ADVANCED_FACE('',(#2080),#74,.F.);
#2271=ADVANCED_FACE('',(#2081),#2155,.T.);
#2272=ADVANCED_FACE('',(#2082),#75,.F.);
#2273=ADVANCED_FACE('',(#2083),#76,.F.);
#2274=ADVANCED_FACE('',(#2084),#77,.F.);
#2275=ADVANCED_FACE('',(#2085),#78,.F.);
#2276=ADVANCED_FACE('',(#2086),#2156,.T.);
#2277=ADVANCED_FACE('',(#2087),#79,.F.);
#2278=ADVANCED_FACE('',(#2088),#80,.F.);
#2279=ADVANCED_FACE('',(#2089),#81,.F.);
#2280=ADVANCED_FACE('',(#2090),#82,.T.);
#2281=ADVANCED_FACE('',(#2091),#2157,.T.);
#2282=ADVANCED_FACE('',(#2092),#83,.T.);
#2283=ADVANCED_FACE('',(#2093,#2094,#2095),#2158,.T.);
#2284=ADVANCED_FACE('',(#2096),#2159,.T.);
#2285=ADVANCED_FACE('',(#2097),#2160,.T.);
#2286=ADVANCED_FACE('',(#2098),#2161,.T.);
#2287=CLOSED_SHELL('',(#2162,#2163,#2164,#2165,#2166,#2167,#2168,#2169,
#2170,#2171,#2172,#2173,#2174,#2175,#2176,#2177,#2178,#2179,#2180,#2181,
#2182,#2183,#2184,#2185,#2186,#2187,#2188,#2189,#2190,#2191,#2192,#2193));
#2288=CLOSED_SHELL('',(#2194,#2195,#2196,#2197,#2198,#2199,#2200,#2201,
#2202,#2203,#2204,#2205,#2206,#2207,#2208,#2209,#2210,#2211,#2212,#2213,
#2214,#2215,#2216,#2217,#2218,#2219,#2220,#2221,#2222,#2223,#2224,#2225,
#2226,#2227,#2228,#2229,#2230,#2231,#2232,#2233,#2234,#2235,#2236,#2237,
#2238,#2239,#2240,#2241,#2242,#2243,#2244,#2245,#2246,#2247,#2248,#2249,
#2250,#2251,#2252,#2253,#2254,#2255,#2256,#2257,#2258,#2259,#2260,#2261,
#2262,#2263,#2264,#2265,#2266,#2267,#2268,#2269,#2270,#2271,#2272,#2273,
#2274,#2275,#2276,#2277,#2278,#2279,#2280,#2281,#2282,#2283,#2284,#2285,
#2286));
#2289=STYLED_ITEM('',(#2291),#2305);
#2290=STYLED_ITEM('',(#2292),#2306);
#2291=PRESENTATION_STYLE_ASSIGNMENT((#2293));
#2292=PRESENTATION_STYLE_ASSIGNMENT((#2294));
#2293=SURFACE_STYLE_USAGE(.BOTH.,#2295);
#2294=SURFACE_STYLE_USAGE(.BOTH.,#2296);
#2295=SURFACE_SIDE_STYLE('',(#2297));
#2296=SURFACE_SIDE_STYLE('',(#2298));
#2297=SURFACE_STYLE_FILL_AREA(#2299);
#2298=SURFACE_STYLE_FILL_AREA(#2300);
#2299=FILL_AREA_STYLE('',(#2301));
#2300=FILL_AREA_STYLE('',(#2302));
#2301=FILL_AREA_STYLE_COLOUR('',#2303);
#2302=FILL_AREA_STYLE_COLOUR('',#2304);
#2303=COLOUR_RGB('',0.615686274509804,0.811764705882353,0.929411764705882);
#2304=COLOUR_RGB('',0.372549019607843,0.654901960784314,0.23921568627451);
#2305=MANIFOLD_SOLID_BREP('Part 1',#2287);
#2306=MANIFOLD_SOLID_BREP('Part 2',#2288);
#2307=SHAPE_DEFINITION_REPRESENTATION(#3959,#2309);
#2308=SHAPE_DEFINITION_REPRESENTATION(#3960,#2310);
#2309=SHAPE_REPRESENTATION('Part 1',(#2311),#3949);
#2310=SHAPE_REPRESENTATION('Part 2',(#2364),#3950);
#2311=AXIS2_PLACEMENT_3D('',#3227,#2546,#2547);
#2312=AXIS2_PLACEMENT_3D('',#3228,#2548,#2549);
#2313=AXIS2_PLACEMENT_3D('',#3245,#2558,#2559);
#2314=AXIS2_PLACEMENT_3D('',#3262,#2568,#2569);
#2315=AXIS2_PLACEMENT_3D('',#3271,#2574,#2575);
#2316=AXIS2_PLACEMENT_3D('',#3280,#2580,#2581);
#2317=AXIS2_PLACEMENT_3D('',#3289,#2586,#2587);
#2318=AXIS2_PLACEMENT_3D('',#3290,#2588,#2589);
#2319=AXIS2_PLACEMENT_3D('',#3291,#2590,#2591);
#2320=AXIS2_PLACEMENT_3D('',#3292,#2592,#2593);
#2321=AXIS2_PLACEMENT_3D('',#3293,#2594,#2595);
#2322=AXIS2_PLACEMENT_3D('',#3294,#2596,#2597);
#2323=AXIS2_PLACEMENT_3D('',#3303,#2602,#2603);
#2324=AXIS2_PLACEMENT_3D('',#3309,#2607,#2608);
#2325=AXIS2_PLACEMENT_3D('',#3315,#2612,#2613);
#2326=AXIS2_PLACEMENT_3D('',#3318,#2616,#2617);
#2327=AXIS2_PLACEMENT_3D('',#3322,#2619,#2620);
#2328=AXIS2_PLACEMENT_3D('',#3326,#2622,#2623);
#2329=AXIS2_PLACEMENT_3D('',#3330,#2625,#2626);
#2330=AXIS2_PLACEMENT_3D('',#3334,#2628,#2629);
#2331=AXIS2_PLACEMENT_3D('',#3335,#2630,#2631);
#2332=AXIS2_PLACEMENT_3D('',#3341,#2635,#2636);
#2333=AXIS2_PLACEMENT_3D('',#3347,#2640,#2641);
#2334=AXIS2_PLACEMENT_3D('',#3349,#2643,#2644);
#2335=AXIS2_PLACEMENT_3D('',#3351,#2646,#2647);
#2336=AXIS2_PLACEMENT_3D('',#3352,#2648,#2649);
#2337=AXIS2_PLACEMENT_3D('',#3353,#2650,#2651);
#2338=AXIS2_PLACEMENT_3D('',#3354,#2652,#2653);
#2339=AXIS2_PLACEMENT_3D('',#3355,#2654,#2655);
#2340=AXIS2_PLACEMENT_3D('',#3356,#2656,#2657);
#2341=AXIS2_PLACEMENT_3D('',#3357,#2658,#2659);
#2342=AXIS2_PLACEMENT_3D('',#3358,#2660,#2661);
#2343=AXIS2_PLACEMENT_3D('',#3359,#2662,#2663);
#2344=AXIS2_PLACEMENT_3D('',#3360,#2664,#2665);
#2345=AXIS2_PLACEMENT_3D('',#3361,#2666,#2667);
#2346=AXIS2_PLACEMENT_3D('',#3362,#2668,#2669);
#2347=AXIS2_PLACEMENT_3D('',#3363,#2670,#2671);
#2348=AXIS2_PLACEMENT_3D('',#3364,#2672,#2673);
#2349=AXIS2_PLACEMENT_3D('',#3365,#2674,#2675);
#2350=AXIS2_PLACEMENT_3D('',#3366,#2676,#2677);
#2351=AXIS2_PLACEMENT_3D('',#3367,#2678,#2679);
#2352=AXIS2_PLACEMENT_3D('',#3368,#2680,#2681);
#2353=AXIS2_PLACEMENT_3D('',#3369,#2682,#2683);
#2354=AXIS2_PLACEMENT_3D('',#3370,#2684,#2685);
#2355=AXIS2_PLACEMENT_3D('',#3371,#2686,#2687);
#2356=AXIS2_PLACEMENT_3D('',#3372,#2688,#2689);
#2357=AXIS2_PLACEMENT_3D('',#3373,#2690,#2691);
#2358=AXIS2_PLACEMENT_3D('',#3374,#2692,#2693);
#2359=AXIS2_PLACEMENT_3D('',#3375,#2694,#2695);
#2360=AXIS2_PLACEMENT_3D('',#3376,#2696,#2697);
#2361=AXIS2_PLACEMENT_3D('',#3379,#2700,#2701);
#2362=AXIS2_PLACEMENT_3D('',#3381,#2703,#2704);
#2363=AXIS2_PLACEMENT_3D('',#3383,#2706,#2707);
#2364=AXIS2_PLACEMENT_3D('',#3384,#2708,#2709);
#2365=AXIS2_PLACEMENT_3D('',#3385,#2710,#2711);
#2366=AXIS2_PLACEMENT_3D('',#3393,#2715,#2716);
#2367=AXIS2_PLACEMENT_3D('',#3395,#2717,#2718);
#2368=AXIS2_PLACEMENT_3D('',#3397,#2719,#2720);
#2369=AXIS2_PLACEMENT_3D('',#3401,#2722,#2723);
#2370=AXIS2_PLACEMENT_3D('',#3403,#2724,#2725);
#2371=AXIS2_PLACEMENT_3D('',#3405,#2726,#2727);
#2372=AXIS2_PLACEMENT_3D('',#3421,#2735,#2736);
#2373=AXIS2_PLACEMENT_3D('',#3423,#2737,#2738);
#2374=AXIS2_PLACEMENT_3D('',#3425,#2739,#2740);
#2375=AXIS2_PLACEMENT_3D('',#3429,#2742,#2743);
#2376=AXIS2_PLACEMENT_3D('',#3431,#2744,#2745);
#2377=AXIS2_PLACEMENT_3D('',#3433,#2746,#2747);
#2378=AXIS2_PLACEMENT_3D('',#3469,#2757,#2758);
#2379=AXIS2_PLACEMENT_3D('',#3471,#2759,#2760);
#2380=AXIS2_PLACEMENT_3D('',#3473,#2761,#2762);
#2381=AXIS2_PLACEMENT_3D('',#3477,#2764,#2765);
#2382=AXIS2_PLACEMENT_3D('',#3479,#2766,#2767);
#2383=AXIS2_PLACEMENT_3D('',#3481,#2768,#2769);
#2384=AXIS2_PLACEMENT_3D('',#3483,#2770,#2771);
#2385=AXIS2_PLACEMENT_3D('',#3487,#2773,#2774);
#2386=AXIS2_PLACEMENT_3D('',#3489,#2775,#2776);
#2387=AXIS2_PLACEMENT_3D('',#3491,#2777,#2778);
#2388=AXIS2_PLACEMENT_3D('',#3492,#2779,#2780);
#2389=AXIS2_PLACEMENT_3D('',#3498,#2784,#2785);
#2390=AXIS2_PLACEMENT_3D('',#3502,#2788,#2789);
#2391=AXIS2_PLACEMENT_3D('',#3506,#2792,#2793);
#2392=AXIS2_PLACEMENT_3D('',#3508,#2795,#2796);
#2393=AXIS2_PLACEMENT_3D('',#3509,#2797,#2798);
#2394=AXIS2_PLACEMENT_3D('',#3512,#2800,#2801);
#2395=AXIS2_PLACEMENT_3D('',#3515,#2803,#2804);
#2396=AXIS2_PLACEMENT_3D('',#3519,#2807,#2808);
#2397=AXIS2_PLACEMENT_3D('',#3523,#2811,#2812);
#2398=AXIS2_PLACEMENT_3D('',#3553,#2817,#2818);
#2399=AXIS2_PLACEMENT_3D('',#3583,#2823,#2824);
#2400=AXIS2_PLACEMENT_3D('',#3587,#2827,#2828);
#2401=AXIS2_PLACEMENT_3D('',#3591,#2831,#2832);
#2402=AXIS2_PLACEMENT_3D('',#3595,#2835,#2836);
#2403=AXIS2_PLACEMENT_3D('',#3598,#2838,#2839);
#2404=AXIS2_PLACEMENT_3D('',#3599,#2840,#2841);
#2405=AXIS2_PLACEMENT_3D('',#3602,#2843,#2844);
#2406=AXIS2_PLACEMENT_3D('',#3603,#2845,#2846);
#2407=AXIS2_PLACEMENT_3D('',#3606,#2848,#2849);
#2408=AXIS2_PLACEMENT_3D('',#3607,#2850,#2851);
#2409=AXIS2_PLACEMENT_3D('',#3611,#2854,#2855);
#2410=AXIS2_PLACEMENT_3D('',#3614,#2857,#2858);
#2411=AXIS2_PLACEMENT_3D('',#3615,#2859,#2860);
#2412=AXIS2_PLACEMENT_3D('',#3616,#2861,#2862);
#2413=AXIS2_PLACEMENT_3D('',#3617,#2863,#2864);
#2414=AXIS2_PLACEMENT_3D('',#3618,#2865,#2866);
#2415=AXIS2_PLACEMENT_3D('',#3627,#2871,#2872);
#2416=AXIS2_PLACEMENT_3D('',#3628,#2873,#2874);
#2417=AXIS2_PLACEMENT_3D('',#3632,#2876,#2877);
#2418=AXIS2_PLACEMENT_3D('',#3633,#2878,#2879);
#2419=AXIS2_PLACEMENT_3D('',#3634,#2880,#2881);
#2420=AXIS2_PLACEMENT_3D('',#3638,#2883,#2884);
#2421=AXIS2_PLACEMENT_3D('',#3639,#2885,#2886);
#2422=AXIS2_PLACEMENT_3D('',#3645,#2890,#2891);
#2423=AXIS2_PLACEMENT_3D('',#3646,#2892,#2893);
#2424=AXIS2_PLACEMENT_3D('',#3650,#2895,#2896);
#2425=AXIS2_PLACEMENT_3D('',#3651,#2897,#2898);
#2426=AXIS2_PLACEMENT_3D('',#3652,#2899,#2900);
#2427=AXIS2_PLACEMENT_3D('',#3656,#2902,#2903);
#2428=AXIS2_PLACEMENT_3D('',#3657,#2904,#2905);
#2429=AXIS2_PLACEMENT_3D('',#3663,#2909,#2910);
#2430=AXIS2_PLACEMENT_3D('',#3664,#2911,#2912);
#2431=AXIS2_PLACEMENT_3D('',#3668,#2914,#2915);
#2432=AXIS2_PLACEMENT_3D('',#3669,#2916,#2917);
#2433=AXIS2_PLACEMENT_3D('',#3670,#2918,#2919);
#2434=AXIS2_PLACEMENT_3D('',#3674,#2921,#2922);
#2435=AXIS2_PLACEMENT_3D('',#3675,#2923,#2924);
#2436=AXIS2_PLACEMENT_3D('',#3681,#2928,#2929);
#2437=AXIS2_PLACEMENT_3D('',#3682,#2930,#2931);
#2438=AXIS2_PLACEMENT_3D('',#3686,#2933,#2934);
#2439=AXIS2_PLACEMENT_3D('',#3687,#2935,#2936);
#2440=AXIS2_PLACEMENT_3D('',#3693,#2940,#2941);
#2441=AXIS2_PLACEMENT_3D('',#3697,#2944,#2945);
#2442=AXIS2_PLACEMENT_3D('',#3701,#2948,#2949);
#2443=AXIS2_PLACEMENT_3D('',#3705,#2952,#2953);
#2444=AXIS2_PLACEMENT_3D('',#3708,#2955,#2956);
#2445=AXIS2_PLACEMENT_3D('',#3709,#2957,#2958);
#2446=AXIS2_PLACEMENT_3D('',#3712,#2960,#2961);
#2447=AXIS2_PLACEMENT_3D('',#3713,#2962,#2963);
#2448=AXIS2_PLACEMENT_3D('',#3716,#2965,#2966);
#2449=AXIS2_PLACEMENT_3D('',#3717,#2967,#2968);
#2450=AXIS2_PLACEMENT_3D('',#3721,#2971,#2972);
#2451=AXIS2_PLACEMENT_3D('',#3724,#2974,#2975);
#2452=AXIS2_PLACEMENT_3D('',#3725,#2976,#2977);
#2453=AXIS2_PLACEMENT_3D('',#3728,#2979,#2980);
#2454=AXIS2_PLACEMENT_3D('',#3729,#2981,#2982);
#2455=AXIS2_PLACEMENT_3D('',#3732,#2984,#2985);
#2456=AXIS2_PLACEMENT_3D('',#3733,#2986,#2987);
#2457=AXIS2_PLACEMENT_3D('',#3735,#2989,#2990);
#2458=AXIS2_PLACEMENT_3D('',#3736,#2991,#2992);
#2459=AXIS2_PLACEMENT_3D('',#3737,#2993,#2994);
#2460=AXIS2_PLACEMENT_3D('',#3738,#2995,#2996);
#2461=AXIS2_PLACEMENT_3D('',#3739,#2997,#2998);
#2462=AXIS2_PLACEMENT_3D('',#3748,#3003,#3004);
#2463=AXIS2_PLACEMENT_3D('',#3749,#3005,#3006);
#2464=AXIS2_PLACEMENT_3D('',#3753,#3008,#3009);
#2465=AXIS2_PLACEMENT_3D('',#3754,#3010,#3011);
#2466=AXIS2_PLACEMENT_3D('',#3755,#3012,#3013);
#2467=AXIS2_PLACEMENT_3D('',#3759,#3015,#3016);
#2468=AXIS2_PLACEMENT_3D('',#3760,#3017,#3018);
#2469=AXIS2_PLACEMENT_3D('',#3766,#3022,#3023);
#2470=AXIS2_PLACEMENT_3D('',#3767,#3024,#3025);
#2471=AXIS2_PLACEMENT_3D('',#3771,#3027,#3028);
#2472=AXIS2_PLACEMENT_3D('',#3772,#3029,#3030);
#2473=AXIS2_PLACEMENT_3D('',#3773,#3031,#3032);
#2474=AXIS2_PLACEMENT_3D('',#3777,#3034,#3035);
#2475=AXIS2_PLACEMENT_3D('',#3778,#3036,#3037);
#2476=AXIS2_PLACEMENT_3D('',#3784,#3041,#3042);
#2477=AXIS2_PLACEMENT_3D('',#3785,#3043,#3044);
#2478=AXIS2_PLACEMENT_3D('',#3789,#3046,#3047);
#2479=AXIS2_PLACEMENT_3D('',#3790,#3048,#3049);
#2480=AXIS2_PLACEMENT_3D('',#3791,#3050,#3051);
#2481=AXIS2_PLACEMENT_3D('',#3795,#3053,#3054);
#2482=AXIS2_PLACEMENT_3D('',#3796,#3055,#3056);
#2483=AXIS2_PLACEMENT_3D('',#3802,#3060,#3061);
#2484=AXIS2_PLACEMENT_3D('',#3803,#3062,#3063);
#2485=AXIS2_PLACEMENT_3D('',#3807,#3065,#3066);
#2486=AXIS2_PLACEMENT_3D('',#3808,#3067,#3068);
#2487=AXIS2_PLACEMENT_3D('',#3817,#3073,#3074);
#2488=AXIS2_PLACEMENT_3D('',#3818,#3075,#3076);
#2489=AXIS2_PLACEMENT_3D('',#3822,#3078,#3079);
#2490=AXIS2_PLACEMENT_3D('',#3823,#3080,#3081);
#2491=AXIS2_PLACEMENT_3D('',#3824,#3082,#3083);
#2492=AXIS2_PLACEMENT_3D('',#3828,#3085,#3086);
#2493=AXIS2_PLACEMENT_3D('',#3829,#3087,#3088);
#2494=AXIS2_PLACEMENT_3D('',#3835,#3092,#3093);
#2495=AXIS2_PLACEMENT_3D('',#3836,#3094,#3095);
#2496=AXIS2_PLACEMENT_3D('',#3840,#3097,#3098);
#2497=AXIS2_PLACEMENT_3D('',#3841,#3099,#3100);
#2498=AXIS2_PLACEMENT_3D('',#3842,#3101,#3102);
#2499=AXIS2_PLACEMENT_3D('',#3846,#3104,#3105);
#2500=AXIS2_PLACEMENT_3D('',#3847,#3106,#3107);
#2501=AXIS2_PLACEMENT_3D('',#3853,#3111,#3112);
#2502=AXIS2_PLACEMENT_3D('',#3854,#3113,#3114);
#2503=AXIS2_PLACEMENT_3D('',#3858,#3116,#3117);
#2504=AXIS2_PLACEMENT_3D('',#3859,#3118,#3119);
#2505=AXIS2_PLACEMENT_3D('',#3860,#3120,#3121);
#2506=AXIS2_PLACEMENT_3D('',#3864,#3123,#3124);
#2507=AXIS2_PLACEMENT_3D('',#3865,#3125,#3126);
#2508=AXIS2_PLACEMENT_3D('',#3871,#3130,#3131);
#2509=AXIS2_PLACEMENT_3D('',#3872,#3132,#3133);
#2510=AXIS2_PLACEMENT_3D('',#3876,#3135,#3136);
#2511=AXIS2_PLACEMENT_3D('',#3877,#3137,#3138);
#2512=AXIS2_PLACEMENT_3D('',#3883,#3142,#3143);
#2513=AXIS2_PLACEMENT_3D('',#3887,#3146,#3147);
#2514=AXIS2_PLACEMENT_3D('',#3890,#3149,#3150);
#2515=AXIS2_PLACEMENT_3D('',#3891,#3151,#3152);
#2516=AXIS2_PLACEMENT_3D('',#3894,#3154,#3155);
#2517=AXIS2_PLACEMENT_3D('',#3895,#3156,#3157);
#2518=AXIS2_PLACEMENT_3D('',#3898,#3159,#3160);
#2519=AXIS2_PLACEMENT_3D('',#3899,#3161,#3162);
#2520=AXIS2_PLACEMENT_3D('',#3903,#3165,#3166);
#2521=AXIS2_PLACEMENT_3D('',#3906,#3168,#3169);
#2522=AXIS2_PLACEMENT_3D('',#3907,#3170,#3171);
#2523=AXIS2_PLACEMENT_3D('',#3910,#3173,#3174);
#2524=AXIS2_PLACEMENT_3D('',#3911,#3175,#3176);
#2525=AXIS2_PLACEMENT_3D('',#3914,#3178,#3179);
#2526=AXIS2_PLACEMENT_3D('',#3915,#3180,#3181);
#2527=AXIS2_PLACEMENT_3D('',#3918,#3183,#3184);
#2528=AXIS2_PLACEMENT_3D('',#3919,#3185,#3186);
#2529=AXIS2_PLACEMENT_3D('',#3923,#3189,#3190);
#2530=AXIS2_PLACEMENT_3D('',#3926,#3192,#3193);
#2531=AXIS2_PLACEMENT_3D('',#3927,#3194,#3195);
#2532=AXIS2_PLACEMENT_3D('',#3930,#3197,#3198);
#2533=AXIS2_PLACEMENT_3D('',#3931,#3199,#3200);
#2534=AXIS2_PLACEMENT_3D('',#3934,#3202,#3203);
#2535=AXIS2_PLACEMENT_3D('',#3935,#3204,#3205);
#2536=AXIS2_PLACEMENT_3D('',#3936,#3206,#3207);
#2537=AXIS2_PLACEMENT_3D('',#3937,#3208,#3209);
#2538=AXIS2_PLACEMENT_3D('',#3938,#3210,#3211);
#2539=AXIS2_PLACEMENT_3D('',#3940,#3213,#3214);
#2540=AXIS2_PLACEMENT_3D('',#3941,#3215,#3216);
#2541=AXIS2_PLACEMENT_3D('',#3942,#3217,#3218);
#2542=AXIS2_PLACEMENT_3D('',#3943,#3219,#3220);
#2543=AXIS2_PLACEMENT_3D('',#3944,#3221,#3222);
#2544=AXIS2_PLACEMENT_3D('',#3945,#3223,#3224);
#2545=AXIS2_PLACEMENT_3D('',#3946,#3225,#3226);
#2546=DIRECTION('',(0.,0.,1.));
#2547=DIRECTION('',(1.,0.,0.));
#2548=DIRECTION('',(0.,1.,0.));
#2549=DIRECTION('',(0.,0.,1.));
#2550=DIRECTION('',(0.,0.,-1.));
#2551=DIRECTION('',(1.,0.,0.));
#2552=DIRECTION('',(0.,0.,-1.));
#2553=DIRECTION('',(1.,0.,0.));
#2554=DIRECTION('',(0.,0.,-1.));
#2555=DIRECTION('',(-1.,0.,0.));
#2556=DIRECTION('',(0.,0.,-1.));
#2557=DIRECTION('',(-1.,0.,0.));
#2558=DIRECTION('',(0.,-1.,0.));
#2559=DIRECTION('',(0.,0.,-1.));
#2560=DIRECTION('',(1.,0.,0.));
#2561=DIRECTION('',(0.,0.,1.));
#2562=DIRECTION('',(1.,0.,0.));
#2563=DIRECTION('',(0.,0.,1.));
#2564=DIRECTION('',(0.,0.,1.));
#2565=DIRECTION('',(1.,0.,0.));
#2566=DIRECTION('',(0.,0.,1.));
#2567=DIRECTION('',(1.,0.,0.));
#2568=DIRECTION('',(1.,0.,0.));
#2569=DIRECTION('',(0.,0.,-1.));
#2570=DIRECTION('',(0.,0.,-1.));
#2571=DIRECTION('',(0.,-1.,0.));
#2572=DIRECTION('',(0.,0.,-1.));
#2573=DIRECTION('',(0.,-1.,0.));
#2574=DIRECTION('',(0.,1.,0.));
#2575=DIRECTION('',(0.,0.,1.));
#2576=DIRECTION('',(0.,0.,-1.));
#2577=DIRECTION('',(1.,0.,0.));
#2578=DIRECTION('',(0.,0.,-1.));
#2579=DIRECTION('',(1.,0.,0.));
#2580=DIRECTION('',(1.,0.,0.));
#2581=DIRECTION('',(0.,0.,-1.));
#2582=DIRECTION('',(0.,0.,-1.));
#2583=DIRECTION('',(0.,-1.,0.));
#2584=DIRECTION('',(0.,0.,-1.));
#2585=DIRECTION('',(0.,-1.,0.));
#2586=DIRECTION('',(0.,0.,1.));
#2587=DIRECTION('',(1.,0.,0.));
#2588=DIRECTION('',(0.,0.,1.));
#2589=DIRECTION('',(1.,0.,0.));
#2590=DIRECTION('',(0.,0.,1.));
#2591=DIRECTION('',(1.,0.,0.));
#2592=DIRECTION('',(0.,0.,1.));
#2593=DIRECTION('',(1.,0.,0.));
#2594=DIRECTION('',(0.,0.,1.));
#2595=DIRECTION('',(1.,0.,0.));
#2596=DIRECTION('',(1.,-1.21415466385078E-16,0.));
#2597=DIRECTION('',(1.21415466385078E-16,1.,0.));
#2598=DIRECTION('',(1.21415466385078E-16,1.,0.));
#2599=DIRECTION('',(0.,0.,1.));
#2600=DIRECTION('',(1.21415466385078E-16,1.,0.));
#2601=DIRECTION('',(0.,0.,1.));
#2602=DIRECTION('',(0.,-1.,0.));
#2603=DIRECTION('',(0.,0.,-1.));
#2604=DIRECTION('',(1.,0.,0.));
#2605=DIRECTION('',(0.,0.,1.));
#2606=DIRECTION('',(1.,0.,0.));
#2607=DIRECTION('',(1.,-1.21415466385078E-16,0.));
#2608=DIRECTION('',(1.21415466385078E-16,1.,0.));
#2609=DIRECTION('',(1.21415466385078E-16,1.,0.));
#2610=DIRECTION('',(0.,0.,1.));
#2611=DIRECTION('',(1.21415466385078E-16,1.,0.));
#2612=DIRECTION('',(0.,-1.,0.));
#2613=DIRECTION('',(0.,0.,-1.));
#2614=DIRECTION('',(1.,0.,0.));
#2615=DIRECTION('',(1.,0.,0.));
#2616=DIRECTION('',(0.,0.,-1.));
#2617=DIRECTION('',(1.,0.,0.));
#2618=DIRECTION('',(1.,0.,0.));
#2619=DIRECTION('',(0.,0.,-1.));
#2620=DIRECTION('',(-1.,0.,0.));
#2621=DIRECTION('',(0.,-1.,0.));
#2622=DIRECTION('',(0.,0.,-1.));
#2623=DIRECTION('',(-1.,0.,0.));
#2624=DIRECTION('',(1.,0.,0.));
#2625=DIRECTION('',(0.,0.,-1.));
#2626=DIRECTION('',(-1.,0.,0.));
#2627=DIRECTION('',(0.,-1.,0.));
#2628=DIRECTION('',(0.,0.,-1.));
#2629=DIRECTION('',(-1.,0.,0.));
#2630=DIRECTION('',(0.,0.,-1.));
#2631=DIRECTION('',(1.,0.,0.));
#2632=DIRECTION('',(0.,1.,0.));
#2633=DIRECTION('',(1.,0.,0.));
#2634=DIRECTION('',(0.,1.,0.));
#2635=DIRECTION('',(0.,0.,1.));
#2636=DIRECTION('',(1.,0.,0.));
#2637=DIRECTION('',(1.,0.,0.));
#2638=DIRECTION('',(0.,1.,0.));
#2639=DIRECTION('',(0.,1.,0.));
#2640=DIRECTION('',(1.,0.,0.));
#2641=DIRECTION('',(0.,0.,-1.));
#2642=DIRECTION('',(0.,0.,1.));
#2643=DIRECTION('',(0.,-1.,0.));
#2644=DIRECTION('',(0.,0.,-1.));
#2645=DIRECTION('',(0.,0.,1.));
#2646=DIRECTION('',(1.,0.,0.));
#2647=DIRECTION('',(0.,0.,-1.));
#2648=DIRECTION('',(0.,0.,-1.));
#2649=DIRECTION('',(-1.,0.,0.));
#2650=DIRECTION('',(0.,0.,-1.));
#2651=DIRECTION('',(-1.,0.,0.));
#2652=DIRECTION('',(0.,0.,1.));
#2653=DIRECTION('',(1.,0.,0.));
#2654=DIRECTION('',(0.,0.,-1.));
#2655=DIRECTION('',(-1.,0.,0.));
#2656=DIRECTION('',(0.,0.,-1.));
#2657=DIRECTION('',(-1.,0.,0.));
#2658=DIRECTION('',(0.,0.,-1.));
#2659=DIRECTION('',(-1.,0.,0.));
#2660=DIRECTION('',(0.,0.,1.));
#2661=DIRECTION('',(1.,0.,0.));
#2662=DIRECTION('',(0.,0.,-1.));
#2663=DIRECTION('',(-1.,0.,0.));
#2664=DIRECTION('',(0.,0.,-1.));
#2665=DIRECTION('',(-1.,0.,0.));
#2666=DIRECTION('',(-1.,0.,0.));
#2667=DIRECTION('',(0.,0.,1.));
#2668=DIRECTION('',(0.,-1.,0.));
#2669=DIRECTION('',(0.,0.,-1.));
#2670=DIRECTION('',(0.,-1.,0.));
#2671=DIRECTION('',(0.,0.,-1.));
#2672=DIRECTION('',(0.,-1.,0.));
#2673=DIRECTION('',(0.,0.,-1.));
#2674=DIRECTION('',(1.,0.,0.));
#2675=DIRECTION('',(0.,0.,-1.));
#2676=DIRECTION('',(-1.,0.,0.));
#2677=DIRECTION('',(0.,0.,1.));
#2678=DIRECTION('',(0.,0.,-1.));
#2679=DIRECTION('',(-1.,0.,0.));
#2680=DIRECTION('',(-1.,0.,0.));
#2681=DIRECTION('',(0.,0.,1.));
#2682=DIRECTION('',(0.,0.,-1.));
#2683=DIRECTION('',(-1.,0.,0.));
#2684=DIRECTION('',(0.,-1.,0.));
#2685=DIRECTION('',(0.,0.,-1.));
#2686=DIRECTION('',(-1.,0.,0.));
#2687=DIRECTION('',(0.,0.,1.));
#2688=DIRECTION('',(-1.,0.,0.));
#2689=DIRECTION('',(0.,0.,1.));
#2690=DIRECTION('',(0.,1.,0.));
#2691=DIRECTION('',(0.,0.,1.));
#2692=DIRECTION('',(0.,-1.,0.));
#2693=DIRECTION('',(0.,0.,-1.));
#2694=DIRECTION('',(0.,0.,-1.));
#2695=DIRECTION('',(-1.,0.,0.));
#2696=DIRECTION('',(0.,0.,-1.));
#2697=DIRECTION('',(-1.,0.,0.));
#2698=DIRECTION('',(0.,1.,0.));
#2699=DIRECTION('',(0.,1.,0.));
#2700=DIRECTION('',(1.,0.,0.));
#2701=DIRECTION('',(0.,0.,-1.));
#2702=DIRECTION('',(0.,1.,0.));
#2703=DIRECTION('',(0.,0.,-1.));
#2704=DIRECTION('',(-1.,0.,0.));
#2705=DIRECTION('',(0.,1.,0.));
#2706=DIRECTION('',(1.,0.,0.));
#2707=DIRECTION('',(0.,0.,-1.));
#2708=DIRECTION('',(0.,0.,1.));
#2709=DIRECTION('',(1.,0.,0.));
#2710=DIRECTION('',(0.,0.,-1.));
#2711=DIRECTION('',(1.,0.,0.));
#2712=DIRECTION('',(-1.,0.,0.));
#2713=DIRECTION('',(0.,-1.,0.));
#2714=DIRECTION('',(1.,1.83328494318457E-16,0.));
#2715=DIRECTION('',(0.,0.,-1.));
#2716=DIRECTION('',(-1.,0.,0.));
#2717=DIRECTION('',(0.,0.,-1.));
#2718=DIRECTION('',(-1.,0.,0.));
#2719=DIRECTION('',(0.,0.,-1.));
#2720=DIRECTION('',(-1.,0.,0.));
#2721=DIRECTION('',(0.,1.,0.));
#2722=DIRECTION('',(0.,0.,-1.));
#2723=DIRECTION('',(-1.,0.,0.));
#2724=DIRECTION('',(0.,0.,-1.));
#2725=DIRECTION('',(-1.,0.,0.));
#2726=DIRECTION('',(0.,0.,-1.));
#2727=DIRECTION('',(-1.,0.,0.));
#2728=DIRECTION('',(-0.999997019365275,0.00244156928341699,0.));
#2729=DIRECTION('',(0.,1.,0.));
#2730=DIRECTION('',(1.,0.,0.));
#2731=DIRECTION('',(8.06848128361306E-17,1.,0.));
#2732=DIRECTION('',(1.,0.,0.));
#2733=DIRECTION('',(8.06848128361306E-17,1.,0.));
#2734=DIRECTION('',(-1.,-1.83625302458206E-16,0.));
#2735=DIRECTION('',(0.,0.,-1.));
#2736=DIRECTION('',(-1.,0.,0.));
#2737=DIRECTION('',(0.,0.,-1.));
#2738=DIRECTION('',(-1.,0.,0.));
#2739=DIRECTION('',(0.,0.,-1.));
#2740=DIRECTION('',(-1.,0.,0.));
#2741=DIRECTION('',(2.40634855343038E-16,-1.,0.));
#2742=DIRECTION('',(0.,0.,-1.));
#2743=DIRECTION('',(-1.,0.,0.));
#2744=DIRECTION('',(0.,0.,-1.));
#2745=DIRECTION('',(-1.,0.,0.));
#2746=DIRECTION('',(0.,0.,-1.));
#2747=DIRECTION('',(-1.,0.,0.));
#2748=DIRECTION('',(1.,1.83625302458206E-16,0.));
#2749=DIRECTION('',(0.,1.,0.));
#2750=DIRECTION('',(-1.,-9.6472266928E-17,0.));
#2751=DIRECTION('',(0.,1.,0.));
#2752=DIRECTION('',(1.,1.92944533856E-16,0.));
#2753=DIRECTION('',(0.,1.,0.));
#2754=DIRECTION('',(-1.,-1.83328494318457E-16,0.));
#2755=DIRECTION('',(1.47681287089868E-16,-1.,0.));
#2756=DIRECTION('',(1.,1.92671396067415E-16,0.));
#2757=DIRECTION('',(0.,0.,-1.));
#2758=DIRECTION('',(-1.,0.,0.));
#2759=DIRECTION('',(0.,0.,-1.));
#2760=DIRECTION('',(-1.,0.,0.));
#2761=DIRECTION('',(0.,0.,-1.));
#2762=DIRECTION('',(-1.,0.,0.));
#2763=DIRECTION('',(0.,1.,0.));
#2764=DIRECTION('',(0.,0.,-1.));
#2765=DIRECTION('',(-1.,0.,0.));
#2766=DIRECTION('',(0.,0.,-1.));
#2767=DIRECTION('',(-1.,0.,0.));
#2768=DIRECTION('',(0.,0.,-1.));
#2769=DIRECTION('',(-1.,0.,0.));
#2770=DIRECTION('',(0.,0.,-1.));
#2771=DIRECTION('',(-1.,0.,0.));
#2772=DIRECTION('',(0.,1.,0.));
#2773=DIRECTION('',(0.,0.,-1.));
#2774=DIRECTION('',(-1.,0.,0.));
#2775=DIRECTION('',(0.,0.,-1.));
#2776=DIRECTION('',(-1.,0.,0.));
#2777=DIRECTION('',(0.,0.,-1.));
#2778=DIRECTION('',(-1.,0.,0.));
#2779=DIRECTION('',(0.,-1.,0.));
#2780=DIRECTION('',(0.,0.,-1.));
#2781=DIRECTION('',(1.,0.,0.));
#2782=DIRECTION('',(0.,0.,1.));
#2783=DIRECTION('',(0.,0.,1.));
#2784=DIRECTION('',(1.,-8.06848128361306E-17,0.));
#2785=DIRECTION('',(8.06848128361306E-17,1.,0.));
#2786=DIRECTION('',(8.06848128361306E-17,1.,0.));
#2787=DIRECTION('',(0.,0.,1.));
#2788=DIRECTION('',(0.,-1.,0.));
#2789=DIRECTION('',(0.,0.,-1.));
#2790=DIRECTION('',(1.,0.,0.));
#2791=DIRECTION('',(0.,0.,1.));
#2792=DIRECTION('',(1.,-8.06848128361306E-17,0.));
#2793=DIRECTION('',(8.06848128361306E-17,1.,0.));
#2794=DIRECTION('',(8.06848128361306E-17,1.,0.));
#2795=DIRECTION('',(0.,0.,-1.));
#2796=DIRECTION('',(1.,0.,0.));
#2797=DIRECTION('',(0.,0.,-1.));
#2798=DIRECTION('',(-0.265178381847931,0.964199370358907,0.));
#2799=DIRECTION('',(0.,0.,-1.));
#2800=DIRECTION('',(0.,0.,-1.));
#2801=DIRECTION('',(-1.,0.,0.));
#2802=DIRECTION('',(0.,0.,-1.));
#2803=DIRECTION('',(1.83625302458206E-16,-1.,0.));
#2804=DIRECTION('',(1.,1.83625302458206E-16,0.));
#2805=DIRECTION('',(0.,0.,-1.));
#2806=DIRECTION('',(-1.,-1.83625302458206E-16,0.));
#2807=DIRECTION('',(-1.,0.,0.));
#2808=DIRECTION('',(0.,0.,1.));
#2809=DIRECTION('',(0.,0.,-1.));
#2810=DIRECTION('',(0.,1.,0.));
#2811=DIRECTION('',(-1.92944533856E-16,1.,0.));
#2812=DIRECTION('',(-1.,-1.92944533856E-16,0.));
#2813=DIRECTION('',(0.,0.,-1.));
#2814=DIRECTION('',(1.,1.92944533856E-16,0.));
#2815=DIRECTION('',(0.,0.,-1.));
#2816=DIRECTION('',(0.,0.,-1.));
#2817=DIRECTION('',(-1.,0.,0.));
#2818=DIRECTION('',(0.,0.,1.));
#2819=DIRECTION('',(0.,0.,-1.));
#2820=DIRECTION('',(0.,1.,0.));
#2821=DIRECTION('',(0.,0.,-1.));
#2822=DIRECTION('',(0.,0.,-1.));
#2823=DIRECTION('',(9.6472266928E-17,-1.,0.));
#2824=DIRECTION('',(1.,9.6472266928E-17,0.));
#2825=DIRECTION('',(0.,0.,-1.));
#2826=DIRECTION('',(-1.,-9.6472266928E-17,0.));
#2827=DIRECTION('',(-1.,0.,0.));
#2828=DIRECTION('',(0.,0.,1.));
#2829=DIRECTION('',(0.,0.,-1.));
#2830=DIRECTION('',(0.,1.,0.));
#2831=DIRECTION('',(-1.83625302458206E-16,1.,0.));
#2832=DIRECTION('',(-1.,-1.83625302458206E-16,0.));
#2833=DIRECTION('',(0.,0.,-1.));
#2834=DIRECTION('',(1.,1.83625302458206E-16,0.));
#2835=DIRECTION('',(0.,0.,-1.));
#2836=DIRECTION('',(-0.265178381847936,-0.964199370358906,0.));
#2837=DIRECTION('',(0.,0.,-1.));
#2838=DIRECTION('',(0.,0.,-1.));
#2839=DIRECTION('',(-1.,0.,0.));
#2840=DIRECTION('',(0.,0.,-1.));
#2841=DIRECTION('',(-0.706526558921946,-0.707686527735207,0.));
#2842=DIRECTION('',(0.,0.,-1.));
#2843=DIRECTION('',(0.,0.,-1.));
#2844=DIRECTION('',(-1.,0.,0.));
#2845=DIRECTION('',(0.,0.,-1.));
#2846=DIRECTION('',(-0.964033151014215,-0.265782022991779,0.));
#2847=DIRECTION('',(0.,0.,-1.));
#2848=DIRECTION('',(0.,0.,-1.));
#2849=DIRECTION('',(-1.,0.,0.));
#2850=DIRECTION('',(1.,2.40634855343038E-16,0.));
#2851=DIRECTION('',(-2.40634855343038E-16,1.,0.));
#2852=DIRECTION('',(0.,0.,-1.));
#2853=DIRECTION('',(2.40634855343038E-16,-1.,0.));
#2854=DIRECTION('',(0.,0.,-1.));
#2855=DIRECTION('',(-0.964033151014216,0.265782022991779,0.));
#2856=DIRECTION('',(0.,0.,-1.));
#2857=DIRECTION('',(0.,0.,-1.));
#2858=DIRECTION('',(-1.,0.,0.));
#2859=DIRECTION('',(0.,0.,-1.));
#2860=DIRECTION('',(-0.706526558921948,0.707686527735205,0.));
#2861=DIRECTION('',(0.,0.,-1.));
#2862=DIRECTION('',(-1.,0.,0.));
#2863=DIRECTION('',(0.,0.,-1.));
#2864=DIRECTION('',(1.,0.,0.));
#2865=DIRECTION('',(-1.27503901935148E-16,1.,0.));
#2866=DIRECTION('',(-1.,-1.27503901935148E-16,0.));
#2867=DIRECTION('',(1.,1.27503901935148E-16,0.));
#2868=DIRECTION('',(0.,0.,-1.));
#2869=DIRECTION('',(1.,1.27503901935148E-16,0.));
#2870=DIRECTION('',(0.,0.,-1.));
#2871=DIRECTION('',(0.,0.,-1.));
#2872=DIRECTION('',(-0.334380693097401,0.942438089257698,0.));
#2873=DIRECTION('',(0.,0.,-1.));
#2874=DIRECTION('',(-1.,0.,0.));
#2875=DIRECTION('',(0.,0.,-1.));
#2876=DIRECTION('',(0.,0.,-1.));
#2877=DIRECTION('',(-1.,0.,0.));
#2878=DIRECTION('',(0.,0.,-1.));
#2879=DIRECTION('',(-0.911928125713727,0.410349964703604,0.));
#2880=DIRECTION('',(0.,0.,-1.));
#2881=DIRECTION('',(-1.,0.,0.));
#2882=DIRECTION('',(0.,0.,-1.));
#2883=DIRECTION('',(0.,0.,-1.));
#2884=DIRECTION('',(-1.,0.,0.));
#2885=DIRECTION('',(-1.,0.,0.));
#2886=DIRECTION('',(0.,0.,1.));
#2887=DIRECTION('',(0.,1.,0.));
#2888=DIRECTION('',(0.,0.,-1.));
#2889=DIRECTION('',(0.,1.,0.));
#2890=DIRECTION('',(0.,0.,-1.));
#2891=DIRECTION('',(-0.924160355699057,-0.382004760381585,0.));
#2892=DIRECTION('',(0.,0.,-1.));
#2893=DIRECTION('',(-1.,0.,0.));
#2894=DIRECTION('',(0.,0.,-1.));
#2895=DIRECTION('',(0.,0.,-1.));
#2896=DIRECTION('',(-1.,0.,0.));
#2897=DIRECTION('',(0.,0.,-1.));
#2898=DIRECTION('',(-0.38200476038164,-0.924160355699034,0.));
#2899=DIRECTION('',(0.,0.,-1.));
#2900=DIRECTION('',(-1.,0.,0.));
#2901=DIRECTION('',(0.,0.,-1.));
#2902=DIRECTION('',(0.,0.,-1.));
#2903=DIRECTION('',(-1.,0.,0.));
#2904=DIRECTION('',(1.23640147331052E-16,-1.,0.));
#2905=DIRECTION('',(1.,1.23640147331052E-16,0.));
#2906=DIRECTION('',(-1.,-1.23640147331052E-16,0.));
#2907=DIRECTION('',(0.,0.,-1.));
#2908=DIRECTION('',(-1.,-1.23640147331052E-16,0.));
#2909=DIRECTION('',(0.,0.,-1.));
#2910=DIRECTION('',(0.36048971750202,-0.932763187296387,0.));
#2911=DIRECTION('',(0.,0.,-1.));
#2912=DIRECTION('',(-1.,0.,0.));
#2913=DIRECTION('',(0.,0.,-1.));
#2914=DIRECTION('',(0.,0.,-1.));
#2915=DIRECTION('',(-1.,0.,0.));
#2916=DIRECTION('',(0.,0.,-1.));
#2917=DIRECTION('',(0.907948943518936,-0.419080798847726,0.));
#2918=DIRECTION('',(0.,0.,-1.));
#2919=DIRECTION('',(-1.,0.,0.));
#2920=DIRECTION('',(0.,0.,-1.));
#2921=DIRECTION('',(0.,0.,-1.));
#2922=DIRECTION('',(-1.,0.,0.));
#2923=DIRECTION('',(1.,0.,0.));
#2924=DIRECTION('',(0.,0.,-1.));
#2925=DIRECTION('',(0.,-1.,0.));
#2926=DIRECTION('',(0.,0.,-1.));
#2927=DIRECTION('',(0.,-1.,0.));
#2928=DIRECTION('',(0.,0.,-1.));
#2929=DIRECTION('',(0.894152629502859,0.44776229760122,0.));
#2930=DIRECTION('',(0.,0.,-1.));
#2931=DIRECTION('',(-1.,0.,0.));
#2932=DIRECTION('',(0.,0.,-1.));
#2933=DIRECTION('',(0.,0.,-1.));
#2934=DIRECTION('',(-1.,0.,0.));
#2935=DIRECTION('',(1.,0.,0.));
#2936=DIRECTION('',(0.,0.,-1.));
#2937=DIRECTION('',(0.,0.,-1.));
#2938=DIRECTION('',(0.,-1.,0.));
#2939=DIRECTION('',(0.,0.,-1.));
#2940=DIRECTION('',(0.,-1.,0.));
#2941=DIRECTION('',(0.,0.,-1.));
#2942=DIRECTION('',(0.,0.,-1.));
#2943=DIRECTION('',(-1.,0.,0.));
#2944=DIRECTION('',(-1.,0.,0.));
#2945=DIRECTION('',(0.,0.,1.));
#2946=DIRECTION('',(0.,0.,-1.));
#2947=DIRECTION('',(0.,1.,0.));
#2948=DIRECTION('',(-0.00244156928341699,-0.999997019365275,0.));
#2949=DIRECTION('',(0.999997019365275,-0.00244156928341699,0.));
#2950=DIRECTION('',(0.,0.,-1.));
#2951=DIRECTION('',(-0.999997019365275,0.00244156928341699,0.));
#2952=DIRECTION('',(0.,0.,-1.));
#2953=DIRECTION('',(0.256888867049096,0.966440950077257,0.));
#2954=DIRECTION('',(0.,0.,-1.));
#2955=DIRECTION('',(0.,0.,-1.));
#2956=DIRECTION('',(-1.,0.,0.));
#2957=DIRECTION('',(0.,0.,-1.));
#2958=DIRECTION('',(0.703624926481728,0.710571574743588,0.));
#2959=DIRECTION('',(0.,0.,-1.));
#2960=DIRECTION('',(0.,0.,-1.));
#2961=DIRECTION('',(-1.,0.,0.));
#2962=DIRECTION('',(0.,0.,-1.));
#2963=DIRECTION('',(0.964793297795455,0.263009301221402,0.));
#2964=DIRECTION('',(0.,0.,-1.));
#2965=DIRECTION('',(0.,0.,-1.));
#2966=DIRECTION('',(-1.,0.,0.));
#2967=DIRECTION('',(-1.,0.,0.));
#2968=DIRECTION('',(0.,0.,1.));
#2969=DIRECTION('',(0.,0.,-1.));
#2970=DIRECTION('',(0.,1.,0.));
#2971=DIRECTION('',(0.,0.,-1.));
#2972=DIRECTION('',(0.964199370358942,-0.265178381847804,0.));
#2973=DIRECTION('',(0.,0.,-1.));
#2974=DIRECTION('',(0.,0.,-1.));
#2975=DIRECTION('',(-1.,0.,0.));
#2976=DIRECTION('',(0.,0.,-1.));
#2977=DIRECTION('',(0.704747044237787,-0.709458669436143,0.));
#2978=DIRECTION('',(0.,0.,-1.));
#2979=DIRECTION('',(0.,0.,-1.));
#2980=DIRECTION('',(-1.,0.,0.));
#2981=DIRECTION('',(0.,0.,-1.));
#2982=DIRECTION('',(0.263611552147005,-0.964628918068833,0.));
#2983=DIRECTION('',(0.,0.,-1.));
#2984=DIRECTION('',(0.,0.,-1.));
#2985=DIRECTION('',(-1.,0.,0.));
#2986=DIRECTION('',(-1.83328494318457E-16,1.,0.));
#2987=DIRECTION('',(-1.,-1.83328494318457E-16,0.));
#2988=DIRECTION('',(1.,1.83328494318457E-16,0.));
#2989=DIRECTION('',(0.,0.,-1.));
#2990=DIRECTION('',(0.314102252910516,0.949389158731307,0.));
#2991=DIRECTION('',(0.,0.,-1.));
#2992=DIRECTION('',(-1.,0.,0.));
#2993=DIRECTION('',(0.,0.,-1.));
#2994=DIRECTION('',(-1.,0.,0.));
#2995=DIRECTION('',(0.,0.,-1.));
#2996=DIRECTION('',(1.,0.,0.));
#2997=DIRECTION('',(-1.32241618909855E-16,1.,0.));
#2998=DIRECTION('',(-1.,-1.32241618909855E-16,0.));
#2999=DIRECTION('',(1.,1.32241618909855E-16,0.));
#3000=DIRECTION('',(0.,0.,-1.));
#3001=DIRECTION('',(1.,1.32241618909855E-16,0.));
#3002=DIRECTION('',(0.,0.,-1.));
#3003=DIRECTION('',(0.,0.,-1.));
#3004=DIRECTION('',(-0.382004760381506,0.92416035569909,0.));
#3005=DIRECTION('',(0.,0.,-1.));
#3006=DIRECTION('',(-1.,0.,0.));
#3007=DIRECTION('',(0.,0.,-1.));
#3008=DIRECTION('',(0.,0.,-1.));
#3009=DIRECTION('',(-1.,0.,0.));
#3010=DIRECTION('',(0.,0.,-1.));
#3011=DIRECTION('',(-0.924160355699109,0.382004760381459,0.));
#3012=DIRECTION('',(0.,0.,-1.));
#3013=DIRECTION('',(-1.,0.,0.));
#3014=DIRECTION('',(0.,0.,-1.));
#3015=DIRECTION('',(0.,0.,-1.));
#3016=DIRECTION('',(-1.,0.,0.));
#3017=DIRECTION('',(-1.,0.,0.));
#3018=DIRECTION('',(0.,0.,1.));
#3019=DIRECTION('',(0.,1.,0.));
#3020=DIRECTION('',(0.,0.,-1.));
#3021=DIRECTION('',(0.,1.,0.));
#3022=DIRECTION('',(0.,0.,-1.));
#3023=DIRECTION('',(-0.924160355699011,-0.382004760381697,0.));
#3024=DIRECTION('',(0.,0.,-1.));
#3025=DIRECTION('',(-1.,0.,0.));
#3026=DIRECTION('',(0.,0.,-1.));
#3027=DIRECTION('',(0.,0.,-1.));
#3028=DIRECTION('',(-1.,0.,0.));
#3029=DIRECTION('',(0.,0.,-1.));
#3030=DIRECTION('',(-0.382004760381734,-0.924160355698996,0.));
#3031=DIRECTION('',(0.,0.,-1.));
#3032=DIRECTION('',(-1.,0.,0.));
#3033=DIRECTION('',(0.,0.,-1.));
#3034=DIRECTION('',(0.,0.,-1.));
#3035=DIRECTION('',(-1.,0.,0.));
#3036=DIRECTION('',(1.32241618909855E-16,-1.,0.));
#3037=DIRECTION('',(1.,1.32241618909855E-16,0.));
#3038=DIRECTION('',(-1.,-1.32241618909855E-16,0.));
#3039=DIRECTION('',(0.,0.,-1.));
#3040=DIRECTION('',(-1.,-1.32241618909855E-16,0.));
#3041=DIRECTION('',(0.,0.,-1.));
#3042=DIRECTION('',(0.410349964702961,-0.911928125714016,0.));
#3043=DIRECTION('',(0.,0.,-1.));
#3044=DIRECTION('',(-1.,0.,0.));
#3045=DIRECTION('',(0.,0.,-1.));
#3046=DIRECTION('',(0.,0.,-1.));
#3047=DIRECTION('',(-1.,0.,0.));
#3048=DIRECTION('',(0.,0.,-1.));
#3049=DIRECTION('',(0.942438089257493,-0.334380693097981,0.));
#3050=DIRECTION('',(0.,0.,-1.));
#3051=DIRECTION('',(-1.,0.,0.));
#3052=DIRECTION('',(0.,0.,-1.));
#3053=DIRECTION('',(0.,0.,-1.));
#3054=DIRECTION('',(-1.,0.,0.));
#3055=DIRECTION('',(1.,0.,0.));
#3056=DIRECTION('',(0.,0.,-1.));
#3057=DIRECTION('',(0.,-1.,0.));
#3058=DIRECTION('',(0.,0.,-1.));
#3059=DIRECTION('',(0.,-1.,0.));
#3060=DIRECTION('',(0.,0.,-1.));
#3061=DIRECTION('',(0.942438089257647,0.334380693097546,0.));
#3062=DIRECTION('',(0.,0.,-1.));
#3063=DIRECTION('',(-1.,0.,0.));
#3064=DIRECTION('',(0.,0.,-1.));
#3065=DIRECTION('',(0.,0.,-1.));
#3066=DIRECTION('',(-1.,0.,0.));
#3067=DIRECTION('',(-2.47280294662105E-16,1.,0.));
#3068=DIRECTION('',(-1.,-2.47280294662105E-16,0.));
#3069=DIRECTION('',(1.,2.47280294662105E-16,0.));
#3070=DIRECTION('',(0.,0.,-1.));
#3071=DIRECTION('',(1.,2.47280294662105E-16,0.));
#3072=DIRECTION('',(0.,0.,-1.));
#3073=DIRECTION('',(0.,0.,-1.));
#3074=DIRECTION('',(-0.38200476038173,0.924160355698997,0.));
#3075=DIRECTION('',(0.,0.,-1.));
#3076=DIRECTION('',(-1.,0.,0.));
#3077=DIRECTION('',(0.,0.,-1.));
#3078=DIRECTION('',(0.,0.,-1.));
#3079=DIRECTION('',(-1.,0.,0.));
#3080=DIRECTION('',(0.,0.,-1.));
#3081=DIRECTION('',(-0.924160355698989,0.382004760381749,0.));
#3082=DIRECTION('',(0.,0.,-1.));
#3083=DIRECTION('',(-1.,0.,0.));
#3084=DIRECTION('',(0.,0.,-1.));
#3085=DIRECTION('',(0.,0.,-1.));
#3086=DIRECTION('',(-1.,0.,0.));
#3087=DIRECTION('',(-1.,0.,0.));
#3088=DIRECTION('',(0.,0.,1.));
#3089=DIRECTION('',(0.,1.,0.));
#3090=DIRECTION('',(0.,0.,-1.));
#3091=DIRECTION('',(0.,1.,0.));
#3092=DIRECTION('',(0.,0.,-1.));
#3093=DIRECTION('',(-0.924160355698993,-0.382004760381741,0.));
#3094=DIRECTION('',(0.,0.,-1.));
#3095=DIRECTION('',(-1.,0.,0.));
#3096=DIRECTION('',(0.,0.,-1.));
#3097=DIRECTION('',(0.,0.,-1.));
#3098=DIRECTION('',(-1.,0.,0.));
#3099=DIRECTION('',(0.,0.,-1.));
#3100=DIRECTION('',(-0.382004760381732,-0.924160355698997,0.));
#3101=DIRECTION('',(0.,0.,-1.));
#3102=DIRECTION('',(-1.,0.,0.));
#3103=DIRECTION('',(0.,0.,-1.));
#3104=DIRECTION('',(0.,0.,-1.));
#3105=DIRECTION('',(-1.,0.,0.));
#3106=DIRECTION('',(1.23640147331052E-16,-1.,0.));
#3107=DIRECTION('',(1.,1.23640147331052E-16,0.));
#3108=DIRECTION('',(-1.,-1.23640147331052E-16,0.));
#3109=DIRECTION('',(0.,0.,-1.));
#3110=DIRECTION('',(-1.,-1.23640147331052E-16,0.));
#3111=DIRECTION('',(0.,0.,-1.));
#3112=DIRECTION('',(0.360489717505545,-0.932763187295024,0.));
#3113=DIRECTION('',(0.,0.,-1.));
#3114=DIRECTION('',(-1.,0.,0.));
#3115=DIRECTION('',(0.,0.,-1.));
#3116=DIRECTION('',(0.,0.,-1.));
#3117=DIRECTION('',(-1.,0.,0.));
#3118=DIRECTION('',(0.,0.,-1.));
#3119=DIRECTION('',(0.907948943518932,-0.419080798847735,0.));
#3120=DIRECTION('',(0.,0.,-1.));
#3121=DIRECTION('',(-1.,0.,0.));
#3122=DIRECTION('',(0.,0.,-1.));
#3123=DIRECTION('',(0.,0.,-1.));
#3124=DIRECTION('',(-1.,0.,0.));
#3125=DIRECTION('',(1.,0.,0.));
#3126=DIRECTION('',(0.,0.,-1.));
#3127=DIRECTION('',(0.,-1.,0.));
#3128=DIRECTION('',(0.,0.,-1.));
#3129=DIRECTION('',(0.,-1.,0.));
#3130=DIRECTION('',(0.,0.,-1.));
#3131=DIRECTION('',(0.907948943518936,0.419080798847726,0.));
#3132=DIRECTION('',(0.,0.,-1.));
#3133=DIRECTION('',(-1.,0.,0.));
#3134=DIRECTION('',(0.,0.,-1.));
#3135=DIRECTION('',(0.,0.,-1.));
#3136=DIRECTION('',(-1.,0.,0.));
#3137=DIRECTION('',(1.,1.47681287089868E-16,0.));
#3138=DIRECTION('',(-1.47681287089868E-16,1.,0.));
#3139=DIRECTION('',(0.,0.,-1.));
#3140=DIRECTION('',(1.47681287089868E-16,-1.,0.));
#3141=DIRECTION('',(0.,0.,-1.));
#3142=DIRECTION('',(1.83328494318457E-16,-1.,0.));
#3143=DIRECTION('',(1.,1.83328494318457E-16,0.));
#3144=DIRECTION('',(0.,0.,-1.));
#3145=DIRECTION('',(-1.,-1.83328494318457E-16,0.));
#3146=DIRECTION('',(0.,0.,-1.));
#3147=DIRECTION('',(0.263009301221414,0.964793297795452,0.));
#3148=DIRECTION('',(0.,0.,-1.));
#3149=DIRECTION('',(0.,0.,-1.));
#3150=DIRECTION('',(-1.,0.,0.));
#3151=DIRECTION('',(0.,0.,-1.));
#3152=DIRECTION('',(0.703587080719282,0.710609048524517,0.));
#3153=DIRECTION('',(0.,0.,-1.));
#3154=DIRECTION('',(0.,0.,-1.));
#3155=DIRECTION('',(-1.,0.,0.));
#3156=DIRECTION('',(0.,0.,-1.));
#3157=DIRECTION('',(0.96403315101422,0.265782022991762,0.));
#3158=DIRECTION('',(0.,0.,-1.));
#3159=DIRECTION('',(0.,0.,-1.));
#3160=DIRECTION('',(-1.,0.,0.));
#3161=DIRECTION('',(-1.,0.,0.));
#3162=DIRECTION('',(0.,0.,1.));
#3163=DIRECTION('',(0.,0.,-1.));
#3164=DIRECTION('',(0.,1.,0.));
#3165=DIRECTION('',(0.,0.,-1.));
#3166=DIRECTION('',(0.979045682794753,-0.203640740032428,0.));
#3167=DIRECTION('',(0.,0.,-1.));
#3168=DIRECTION('',(0.,0.,-1.));
#3169=DIRECTION('',(-1.,0.,0.));
#3170=DIRECTION('',(0.,0.,-1.));
#3171=DIRECTION('',(0.867459473745012,-0.497507850601401,0.));
#3172=DIRECTION('',(0.,0.,-1.));
#3173=DIRECTION('',(0.,0.,-1.));
#3174=DIRECTION('',(-1.,0.,0.));
#3175=DIRECTION('',(0.,0.,-1.));
#3176=DIRECTION('',(0.956106632115477,0.29301895506059,0.));
#3177=DIRECTION('',(0.,0.,-1.));
#3178=DIRECTION('',(0.,0.,-1.));
#3179=DIRECTION('',(-1.,0.,0.));
#3180=DIRECTION('',(0.,0.,-1.));
#3181=DIRECTION('',(0.996646447129126,0.0818282312218066,0.));
#3182=DIRECTION('',(0.,0.,-1.));
#3183=DIRECTION('',(0.,0.,-1.));
#3184=DIRECTION('',(-1.,0.,0.));
#3185=DIRECTION('',(-1.,0.,0.));
#3186=DIRECTION('',(0.,0.,1.));
#3187=DIRECTION('',(0.,0.,-1.));
#3188=DIRECTION('',(0.,1.,0.));
#3189=DIRECTION('',(0.,0.,-1.));
#3190=DIRECTION('',(0.964297839891182,-0.264820082284557,0.));
#3191=DIRECTION('',(0.,0.,-1.));
#3192=DIRECTION('',(0.,0.,-1.));
#3193=DIRECTION('',(-1.,0.,0.));
#3194=DIRECTION('',(0.,0.,-1.));
#3195=DIRECTION('',(0.707106781186539,-0.707106781186556,0.));
#3196=DIRECTION('',(0.,0.,-1.));
#3197=DIRECTION('',(0.,0.,-1.));
#3198=DIRECTION('',(-1.,0.,0.));
#3199=DIRECTION('',(0.,0.,-1.));
#3200=DIRECTION('',(0.264820082284562,-0.964297839891181,0.));
#3201=DIRECTION('',(0.,0.,-1.));
#3202=DIRECTION('',(0.,0.,-1.));
#3203=DIRECTION('',(-1.,0.,0.));
#3204=DIRECTION('',(0.,0.,-1.));
#3205=DIRECTION('',(0.360489717505521,0.932763187295033,0.));
#3206=DIRECTION('',(0.,0.,-1.));
#3207=DIRECTION('',(-1.,0.,0.));
#3208=DIRECTION('',(0.,0.,-1.));
#3209=DIRECTION('',(-1.,0.,0.));
#3210=DIRECTION('',(-1.92671396067415E-16,1.,0.));
#3211=DIRECTION('',(-1.,-1.92671396067415E-16,0.));
#3212=DIRECTION('',(1.,1.92671396067415E-16,0.));
#3213=DIRECTION('',(0.,0.,-1.));
#3214=DIRECTION('',(0.410349964675827,0.911928125726226,0.));
#3215=DIRECTION('',(0.,0.,-1.));
#3216=DIRECTION('',(-1.,0.,0.));
#3217=DIRECTION('',(0.,0.,-1.));
#3218=DIRECTION('',(-1.,0.,0.));
#3219=DIRECTION('',(0.,0.,-1.));
#3220=DIRECTION('',(1.,0.,0.));
#3221=DIRECTION('',(0.,0.,-1.));
#3222=DIRECTION('',(1.,0.,0.));
#3223=DIRECTION('',(0.,0.,-1.));
#3224=DIRECTION('',(1.,0.,0.));
#3225=DIRECTION('',(0.,0.,-1.));
#3226=DIRECTION('',(1.,0.,0.));
#3227=CARTESIAN_POINT('',(0.,0.,0.));
#3228=CARTESIAN_POINT('',(0.,0.05,0.005));
#3229=CARTESIAN_POINT('',(0.03242,0.05,0.005));
#3230=CARTESIAN_POINT('',(0.03242,0.05,0.005));
#3231=CARTESIAN_POINT('',(0.03242,0.05,-0.01546));
#3232=CARTESIAN_POINT('',(0.,0.05,-0.01546));
#3233=CARTESIAN_POINT('',(-0.03242,0.05,-0.01546));
#3234=CARTESIAN_POINT('',(-0.03242,0.05,0.005));
#3235=CARTESIAN_POINT('',(-0.03242,0.05,0.005));
#3236=CARTESIAN_POINT('',(0.,0.05,0.005));
#3237=CARTESIAN_POINT('',(0.01,0.05,-0.00575));
#3238=CARTESIAN_POINT('',(0.01,0.05,-0.0015));
#3239=CARTESIAN_POINT('',(0.01,0.05,-0.01));
#3240=CARTESIAN_POINT('',(-1.7347234759768E-18,0.05,-0.0015));
#3241=CARTESIAN_POINT('',(-0.01,0.05,-0.0015));
#3242=CARTESIAN_POINT('',(-0.01,0.05,-0.00575));
#3243=CARTESIAN_POINT('',(-0.01,0.05,-0.01));
#3244=CARTESIAN_POINT('',(-1.7347234759768E-18,0.05,-0.01));
#3245=CARTESIAN_POINT('',(5.50000000404394E-9,0.04500000365,-0.015));
#3246=CARTESIAN_POINT('',(5.50000000404394E-9,0.04500000365,0.));
#3247=CARTESIAN_POINT('',(-0.0337499945,0.04500000365,0.));
#3248=CARTESIAN_POINT('',(0.0337500055,0.04500000365,0.));
#3249=CARTESIAN_POINT('',(-0.0337499945,0.04500000365,-0.015));
#3250=CARTESIAN_POINT('',(-0.0337499945,0.04500000365,-0.015));
#3251=CARTESIAN_POINT('',(5.50000000404394E-9,0.04500000365,-0.015));
#3252=CARTESIAN_POINT('',(0.0337500055,0.04500000365,-0.015));
#3253=CARTESIAN_POINT('',(0.0337500055,0.04500000365,-0.015));
#3254=CARTESIAN_POINT('',(-0.01,0.04500000365,-0.015));
#3255=CARTESIAN_POINT('',(-0.01,0.04500000365,-0.01));
#3256=CARTESIAN_POINT('',(-0.01,0.04500000365,-0.0015));
#3257=CARTESIAN_POINT('',(5.50000000404394E-9,0.04500000365,-0.0015));
#3258=CARTESIAN_POINT('',(0.01,0.04500000365,-0.0015));
#3259=CARTESIAN_POINT('',(0.01,0.04500000365,-0.015));
#3260=CARTESIAN_POINT('',(0.01,0.04500000365,-0.01));
#3261=CARTESIAN_POINT('',(5.50000000404394E-9,0.04500000365,-0.01));
#3262=CARTESIAN_POINT('',(-0.0375,-6.93889390390723E-18,0.005));
#3263=CARTESIAN_POINT('',(-0.0375,0.04492,-0.018));
#3264=CARTESIAN_POINT('',(-0.0375,0.04492,0.005));
#3265=CARTESIAN_POINT('',(-0.0375,0.04492,-0.01546));
#3266=CARTESIAN_POINT('',(-0.0375,-0.04492,-0.01546));
#3267=CARTESIAN_POINT('',(-0.0375,-0.04492,-0.01546));
#3268=CARTESIAN_POINT('',(-0.0375,-0.04492,0.005));
#3269=CARTESIAN_POINT('',(-0.0375,-0.04492,0.005));
#3270=CARTESIAN_POINT('',(-0.0375,-6.93889390390723E-18,0.005));
#3271=CARTESIAN_POINT('',(0.,-0.05,0.005));
#3272=CARTESIAN_POINT('',(-0.03242,-0.05,0.005));
#3273=CARTESIAN_POINT('',(-0.03242,-0.05,0.005));
#3274=CARTESIAN_POINT('',(-0.03242,-0.05,-0.01546));
#3275=CARTESIAN_POINT('',(0.03242,-0.05,-0.01546));
#3276=CARTESIAN_POINT('',(0.03242,-0.05,-0.01546));
#3277=CARTESIAN_POINT('',(0.03242,-0.05,0.005));
#3278=CARTESIAN_POINT('',(0.03242,-0.05,0.005));
#3279=CARTESIAN_POINT('',(0.,-0.05,0.005));
#3280=CARTESIAN_POINT('',(0.0375,-6.93889390390723E-18,0.005));
#3281=CARTESIAN_POINT('',(0.0375,-0.04492,-0.018));
#3282=CARTESIAN_POINT('',(0.0375,-0.04492,0.005));
#3283=CARTESIAN_POINT('',(0.0375,-0.04492,-0.01546));
#3284=CARTESIAN_POINT('',(0.0375,-6.93889390390723E-18,-0.01546));
#3285=CARTESIAN_POINT('',(0.0375,0.04492,-0.01546));
#3286=CARTESIAN_POINT('',(0.0375,0.04492,0.005));
#3287=CARTESIAN_POINT('',(0.0375,0.04492,0.005));
#3288=CARTESIAN_POINT('',(0.0375,-6.93889390390723E-18,0.005));
#3289=CARTESIAN_POINT('',(0.,0.,0.005));
#3290=CARTESIAN_POINT('',(0.03242,0.04492,0.005));
#3291=CARTESIAN_POINT('',(-0.03242,0.04492,0.005));
#3292=CARTESIAN_POINT('',(-0.03242,-0.04492,0.005));
#3293=CARTESIAN_POINT('',(0.03242,-0.04492,0.005));
#3294=CARTESIAN_POINT('',(-0.0285313,0.0117688,-0.018));
#3295=CARTESIAN_POINT('',(-0.0285313,0.0117688,-0.015));
#3296=CARTESIAN_POINT('',(-0.0285313,-0.0168062,-0.015));
#3297=CARTESIAN_POINT('',(-0.0285313,0.0403438,-0.015));
#3298=CARTESIAN_POINT('',(-0.0285313,-0.0168062,-0.018));
#3299=CARTESIAN_POINT('',(-0.0285313,-0.0168062,-0.018));
#3300=CARTESIAN_POINT('',(-0.0285313,0.0117688,-0.018));
#3301=CARTESIAN_POINT('',(-0.0285313,0.0403438,-0.018));
#3302=CARTESIAN_POINT('',(-0.0285313,0.0403438,-0.018));
#3303=CARTESIAN_POINT('',(4.37000000000076E-5,-0.0168062,-0.018));
#3304=CARTESIAN_POINT('',(4.37000000000076E-5,-0.0168062,-0.015));
#3305=CARTESIAN_POINT('',(0.0286187,-0.0168062,-0.015));
#3306=CARTESIAN_POINT('',(0.0286187,-0.0168062,-0.018));
#3307=CARTESIAN_POINT('',(0.0286187,-0.0168062,-0.018));
#3308=CARTESIAN_POINT('',(4.37000000000076E-5,-0.0168062,-0.018));
#3309=CARTESIAN_POINT('',(0.0286187,0.0117688,-0.018));
#3310=CARTESIAN_POINT('',(0.0286187,0.0117688,-0.015));
#3311=CARTESIAN_POINT('',(0.0286187,0.0403438,-0.015));
#3312=CARTESIAN_POINT('',(0.0286187,0.0403438,-0.018));
#3313=CARTESIAN_POINT('',(0.0286187,0.0403438,-0.018));
#3314=CARTESIAN_POINT('',(0.0286187,0.0117688,-0.018));
#3315=CARTESIAN_POINT('',(4.37000000000145E-5,0.0403438,-0.018));
#3316=CARTESIAN_POINT('',(4.37000000000145E-5,0.0403438,-0.015));
#3317=CARTESIAN_POINT('',(4.37000000000145E-5,0.0403438,-0.018));
#3318=CARTESIAN_POINT('',(0.,0.,-0.018));
#3319=CARTESIAN_POINT('',(-0.03242,-0.04746,-0.018));
#3320=CARTESIAN_POINT('',(0.03242,-0.04746,-0.018));
#3321=CARTESIAN_POINT('',(-0.03242,-0.04746,-0.018));
#3322=CARTESIAN_POINT('',(-0.03242,-0.04492,-0.018));
#3323=CARTESIAN_POINT('',(-0.03496,-0.04492,-0.018));
#3324=CARTESIAN_POINT('',(-0.03496,0.04492,-0.018));
#3325=CARTESIAN_POINT('',(-0.03496,0.04492,-0.018));
#3326=CARTESIAN_POINT('',(-0.03242,0.04492,-0.018));
#3327=CARTESIAN_POINT('',(-0.03242,0.04746,-0.018));
#3328=CARTESIAN_POINT('',(0.,0.04746,-0.018));
#3329=CARTESIAN_POINT('',(0.03242,0.04746,-0.018));
#3330=CARTESIAN_POINT('',(0.03242,0.04492,-0.018));
#3331=CARTESIAN_POINT('',(0.03496,0.04492,-0.018));
#3332=CARTESIAN_POINT('',(0.03496,0.,-0.018));
#3333=CARTESIAN_POINT('',(0.03496,-0.04492,-0.018));
#3334=CARTESIAN_POINT('',(0.03242,-0.04492,-0.018));
#3335=CARTESIAN_POINT('',(0.,0.,-0.015));
#3336=CARTESIAN_POINT('',(-0.0337499945,3.65000000362992E-9,-0.015));
#3337=CARTESIAN_POINT('',(-0.0337499945,-0.04499999635,-0.015));
#3338=CARTESIAN_POINT('',(5.50000000404394E-9,-0.04499999635,-0.015));
#3339=CARTESIAN_POINT('',(0.0337500055,-0.04499999635,-0.015));
#3340=CARTESIAN_POINT('',(0.0337500055,3.64999999669103E-9,-0.015));
#3341=CARTESIAN_POINT('',(0.,0.,0.));
#3342=CARTESIAN_POINT('',(5.50000000404394E-9,-0.04499999635,0.));
#3343=CARTESIAN_POINT('',(-0.0337499945,-0.04499999635,0.));
#3344=CARTESIAN_POINT('',(0.0337500055,-0.04499999635,0.));
#3345=CARTESIAN_POINT('',(-0.0337499945,3.65000000362992E-9,0.));
#3346=CARTESIAN_POINT('',(0.0337500055,3.64999999669103E-9,0.));
#3347=CARTESIAN_POINT('',(0.0337500055,3.64999999669103E-9,-0.015));
#3348=CARTESIAN_POINT('',(0.0337500055,-0.04499999635,-0.015));
#3349=CARTESIAN_POINT('',(5.50000000404394E-9,-0.04499999635,-0.015));
#3350=CARTESIAN_POINT('',(-0.0337499945,-0.04499999635,-0.015));
#3351=CARTESIAN_POINT('',(-0.0337499945,3.65000000362992E-9,-0.015));
#3352=CARTESIAN_POINT('',(0.03242,0.04492,0.005));
#3353=CARTESIAN_POINT('',(0.03242,0.04492,-0.01546));
#3354=CARTESIAN_POINT('',(0.03242,-0.04492,0.005));
#3355=CARTESIAN_POINT('',(0.03242,-0.04492,-0.01546));
#3356=CARTESIAN_POINT('',(-0.03242,-0.04492,0.005));
#3357=CARTESIAN_POINT('',(-0.03242,-0.04492,-0.01546));
#3358=CARTESIAN_POINT('',(-0.03242,0.04492,0.005));
#3359=CARTESIAN_POINT('',(-0.03242,0.04492,-0.01546));
#3360=CARTESIAN_POINT('',(0.03242,0.04492,-0.01546));
#3361=CARTESIAN_POINT('',(0.03242,0.04746,-0.01546));
#3362=CARTESIAN_POINT('',(0.03496,0.04492,-0.01546));
#3363=CARTESIAN_POINT('',(0.03496,0.,-0.01546));
#3364=CARTESIAN_POINT('',(0.03496,-0.04492,-0.01546));
#3365=CARTESIAN_POINT('',(0.,0.04746,-0.01546));
#3366=CARTESIAN_POINT('',(-0.03242,0.04746,-0.01546));
#3367=CARTESIAN_POINT('',(0.03242,-0.04492,-0.01546));
#3368=CARTESIAN_POINT('',(0.03242,-0.04746,-0.01546));
#3369=CARTESIAN_POINT('',(-0.03242,0.04492,-0.01546));
#3370=CARTESIAN_POINT('',(-0.03496,0.04492,-0.01546));
#3371=CARTESIAN_POINT('',(0.,-0.04746,-0.01546));
#3372=CARTESIAN_POINT('',(-0.03242,-0.04746,-0.01546));
#3373=CARTESIAN_POINT('',(-0.03496,-6.93889390390723E-18,-0.01546));
#3374=CARTESIAN_POINT('',(-0.03496,-0.04492,-0.01546));
#3375=CARTESIAN_POINT('',(-0.03242,-0.04492,-0.01546));
#3376=CARTESIAN_POINT('',(-1.7347234759768E-18,0.0246,-0.0015));
#3377=CARTESIAN_POINT('',(-0.01,0.0246,-0.0015));
#3378=CARTESIAN_POINT('',(0.01,0.0246,-0.0015));
#3379=CARTESIAN_POINT('',(0.01,0.0246,-0.00575));
#3380=CARTESIAN_POINT('',(0.01,0.0246,-0.01));
#3381=CARTESIAN_POINT('',(-1.7347234759768E-18,0.0246,-0.01));
#3382=CARTESIAN_POINT('',(-0.01,0.0246,-0.01));
#3383=CARTESIAN_POINT('',(-0.01,0.0246,-0.00575));
#3384=CARTESIAN_POINT('',(0.,0.,0.));
#3385=CARTESIAN_POINT('',(0.,6.93889390390723E-18,-0.005));
#3386=CARTESIAN_POINT('',(-0.0181170664387131,0.00631205504760146,-0.005));
#3387=CARTESIAN_POINT('',(-0.0170400581888921,0.00631205504760146,-0.005));
#3388=CARTESIAN_POINT('',(-0.0191940746885341,0.00631205504760146,-0.005));
#3389=CARTESIAN_POINT('',(-0.0191940746885341,0.000446502425499295,-0.005));
#3390=CARTESIAN_POINT('',(-0.0191940746885341,-0.00541905019660287,-0.005));
#3391=CARTESIAN_POINT('',(-0.0144628857851783,-0.00541905019660287,-0.005));
#3392=CARTESIAN_POINT('',(-0.00973169413263394,-0.00541874932030569,-0.005));
#3393=CARTESIAN_POINT('',(-0.00971170004789739,-0.00323055963926191,-0.005));
#3394=CARTESIAN_POINT('',(-0.00858846802883678,-0.00510795766958483,-0.005));
#3395=CARTESIAN_POINT('',(-0.0097933281278091,-0.0030618910073663,-0.005));
#3396=CARTESIAN_POINT('',(-0.00775731041857326,-0.00428346260955745,-0.005));
#3397=CARTESIAN_POINT('',(-0.00959869546720963,-0.00317302641634063,-0.005));
#3398=CARTESIAN_POINT('',(-0.00744803482329891,-0.0031503265606501,-0.005));
#3399=CARTESIAN_POINT('',(-0.00744767465261634,-0.00156731181676959,-0.005));
#3400=CARTESIAN_POINT('',(-0.00744795104415532,1.57015008755194E-5,-0.005));
#3401=CARTESIAN_POINT('',(-0.00963832070960186,3.4525504061734E-5,-0.005));
#3402=CARTESIAN_POINT('',(-0.00775749188453218,0.0011563792309717,-0.005));
#3403=CARTESIAN_POINT('',(-0.0097256257352584,1.45757845823712E-6,-0.005));
#3404=CARTESIAN_POINT('',(-0.00858838410024677,0.00197985133258726,-0.005));
#3405=CARTESIAN_POINT('',(-0.00970972823524927,4.37294502342757E-5,-0.005));
#3406=CARTESIAN_POINT('',(-0.00973169355390015,0.00228153838506139,-0.005));
#3407=CARTESIAN_POINT('',(-0.0133858775353573,0.00229079939294428,-0.005));
#3408=CARTESIAN_POINT('',(-0.0170400581888921,0.00229972135477712,-0.005));
#3409=CARTESIAN_POINT('',(-0.0170400581888921,0.00430588820118929,-0.005));
#3410=CARTESIAN_POINT('',(0.,-0.043,-0.005));
#3411=CARTESIAN_POINT('',(-0.031,-0.043,-0.005));
#3412=CARTESIAN_POINT('',(0.031,-0.043,-0.005));
#3413=CARTESIAN_POINT('',(-0.031,6.93889390390723E-18,-0.005));
#3414=CARTESIAN_POINT('',(-0.031,0.043,-0.005));
#3415=CARTESIAN_POINT('',(3.46944695195361E-18,0.043,-0.005));
#3416=CARTESIAN_POINT('',(0.031,0.043,-0.005));
#3417=CARTESIAN_POINT('',(0.031,6.93889390390723E-18,-0.005));
#3418=CARTESIAN_POINT('',(0.000701900198692059,0.00631205504760146,-0.005));
#3419=CARTESIAN_POINT('',(0.00542544170619111,0.00631205504760146,-0.005));
#3420=CARTESIAN_POINT('',(-0.00402164511034701,0.006311694876919,-0.005));
#3421=CARTESIAN_POINT('',(-0.00404434496603588,0.00416103423300319,-0.005));
#3422=CARTESIAN_POINT('',(-0.00515474696778029,0.00600236191022606,-0.005));
#3423=CARTESIAN_POINT('',(-0.00392523752317101,0.00394637561841028,-0.005));
#3424=CARTESIAN_POINT('',(-0.00597940814361935,0.00517898682422587,-0.005));
#3425=CARTESIAN_POINT('',(-0.00414135337591919,0.00406718712826986,-0.005));
#3426=CARTESIAN_POINT('',(-0.00628998366546161,0.00404333188548211,-0.005));
#3427=CARTESIAN_POINT('',(-0.00629036874629979,0.000438855029642578,-0.005));
#3428=CARTESIAN_POINT('',(-0.00628998366546161,-0.00316562182619696,-0.005));
#3429=CARTESIAN_POINT('',(-0.0041413533759192,-0.00318947706898471,-0.005));
#3430=CARTESIAN_POINT('',(-0.00597940817903943,-0.00430127670476008,-0.005));
#3431=CARTESIAN_POINT('',(-0.00392523752317102,-0.00306866555912512,-0.005));
#3432=CARTESIAN_POINT('',(-0.00515474696778026,-0.00512465185094086,-0.005));
#3433=CARTESIAN_POINT('',(-0.00404434496603711,-0.00328332417372252,-0.005));
#3434=CARTESIAN_POINT('',(-0.00402164511034701,-0.00543398481763378,-0.005));
#3435=CARTESIAN_POINT('',(0.000701900198692059,-0.0054343449883163,-0.005));
#3436=CARTESIAN_POINT('',(0.00542544170619111,-0.0054343449883163,-0.005));
#3437=CARTESIAN_POINT('',(0.00542544170619111,-0.00434968934263856,-0.005));
#3438=CARTESIAN_POINT('',(0.00542544170619111,-0.00326503369696083,-0.005));
#3439=CARTESIAN_POINT('',(0.000930047508417459,-0.00326503369696083,-0.005));
#3440=CARTESIAN_POINT('',(-0.00356534668935619,-0.00326503369696083,-0.005));
#3441=CARTESIAN_POINT('',(-0.00356534668935619,-0.00326503369696083,-0.005));
#3442=CARTESIAN_POINT('',(-0.00382535814848458,-0.00326503369696083,-0.005));
#3443=CARTESIAN_POINT('',(-0.00398085519757117,-0.00311845860970708,-0.005));
#3444=CARTESIAN_POINT('',(-0.00398085519757117,-0.00311845860970708,-0.005));
#3445=CARTESIAN_POINT('',(-0.00398085519757117,-0.00311845860970708,-0.005));
#3446=CARTESIAN_POINT('',(-0.00413635224665775,-0.00297188352245333,-0.005));
#3447=CARTESIAN_POINT('',(-0.00413635224665775,-0.00269402813965928,-0.005));
#3448=CARTESIAN_POINT('',(-0.00413635224665775,-0.00269402813965928,-0.005));
#3449=CARTESIAN_POINT('',(-0.00413635224665775,0.000438855029642578,-0.005));
#3450=CARTESIAN_POINT('',(-0.00413635224665775,0.00357173819894443,-0.005));
#3451=CARTESIAN_POINT('',(-0.00413635224665775,0.00357173819894443,-0.005));
#3452=CARTESIAN_POINT('',(-0.00413635224665775,0.00383174965807282,-0.005));
#3453=CARTESIAN_POINT('',(-0.00398085519757117,0.0039872467071594,-0.005));
#3454=CARTESIAN_POINT('',(-0.00398085519757117,0.0039872467071594,-0.005));
#3455=CARTESIAN_POINT('',(-0.00398085519757117,0.0039872467071594,-0.005));
#3456=CARTESIAN_POINT('',(-0.00382535814848458,0.00414274375624599,-0.005));
#3457=CARTESIAN_POINT('',(-0.00356534668935619,0.00414274375624599,-0.005));
#3458=CARTESIAN_POINT('',(-0.00356534668935619,0.00414274375624599,-0.005));
#3459=CARTESIAN_POINT('',(0.000930047508417459,0.00414274375624599,-0.005));
#3460=CARTESIAN_POINT('',(0.00542544170619111,0.00414274375624599,-0.005));
#3461=CARTESIAN_POINT('',(0.00542544170619111,0.00522739940192373,-0.005));
#3462=CARTESIAN_POINT('',(0.0119027859968307,0.00631205504760146,-0.005));
#3463=CARTESIAN_POINT('',(0.0166339772754911,0.00631177865606249,-0.005));
#3464=CARTESIAN_POINT('',(0.00717159709347489,0.00631205504760146,-0.005));
#3465=CARTESIAN_POINT('',(0.00717159709347489,0.00043885502964258,-0.005));
#3466=CARTESIAN_POINT('',(0.00717159709347489,-0.0054343449883163,-0.005));
#3467=CARTESIAN_POINT('',(0.0116733641211291,-0.0054343449883163,-0.005));
#3468=CARTESIAN_POINT('',(0.0161751355231852,-0.00543395440940218,-0.005));
#3469=CARTESIAN_POINT('',(0.0161992751554267,-0.00327858968107441,-0.005));
#3470=CARTESIAN_POINT('',(0.017310797641622,-0.00512467148056811,-0.005));
#3471=CARTESIAN_POINT('',(0.0160872830793657,-0.00307776948140579,-0.005));
#3472=CARTESIAN_POINT('',(0.0181341850345747,-0.00430128411808123,-0.005));
#3473=CARTESIAN_POINT('',(0.0162881032790342,-0.00318976155746674,-0.005));
#3474=CARTESIAN_POINT('',(0.0184434680073621,-0.0031656219252253,-0.005));
#3475=CARTESIAN_POINT('',(0.0184438585862762,-0.00201595904036367,-0.005));
#3476=CARTESIAN_POINT('',(0.0184438134004552,-0.000866300392029089,-0.005));
#3477=CARTESIAN_POINT('',(0.0159961477674156,-0.000858831870360734,-0.005));
#3478=CARTESIAN_POINT('',(0.0184107428996616,-0.000458435637001587,-0.005));
#3479=CARTESIAN_POINT('',(0.0169350687495888,-0.000704994590475678,-0.005));
#3480=CARTESIAN_POINT('',(0.0182959033541006,-8.34302323165655E-5,-0.005));
#3481=CARTESIAN_POINT('',(0.0152703854947939,0.00217874262404266,-0.005));
#3482=CARTESIAN_POINT('',(0.0187457333107229,0.000698953451777168,-0.005));
#3483=CARTESIAN_POINT('',(0.0168341623953607,0.00153121618429172,-0.005));
#3484=CARTESIAN_POINT('',(0.0189182686184705,0.00151458654720402,-0.005));
#3485=CARTESIAN_POINT('',(0.0189179971293926,0.00277895816179808,-0.005));
#3486=CARTESIAN_POINT('',(0.0189176120485545,0.00404333188548212,-0.005));
#3487=CARTESIAN_POINT('',(0.0167689817590119,0.00406718712826988,-0.005));
#3488=CARTESIAN_POINT('',(0.0186070937633178,0.00517902087959769,-0.005));
#3489=CARTESIAN_POINT('',(0.0165728362740469,0.00395436357483413,-0.005));
#3490=CARTESIAN_POINT('',(0.0177746503219125,0.00600223064448029,-0.005));
#3491=CARTESIAN_POINT('',(0.0166528012786773,0.00412140899061627,-0.005));
#3492=CARTESIAN_POINT('',(0.,-0.043,-0.005));
#3493=CARTESIAN_POINT('',(0.,-0.043,-0.002));
#3494=CARTESIAN_POINT('',(-0.031,-0.043,-0.002));
#3495=CARTESIAN_POINT('',(0.031,-0.043,-0.002));
#3496=CARTESIAN_POINT('',(-0.031,-0.043,-0.005));
#3497=CARTESIAN_POINT('',(0.031,-0.043,-0.005));
#3498=CARTESIAN_POINT('',(-0.031,6.93889390390723E-18,-0.005));
#3499=CARTESIAN_POINT('',(-0.031,6.93889390390723E-18,-0.002));
#3500=CARTESIAN_POINT('',(-0.031,0.043,-0.002));
#3501=CARTESIAN_POINT('',(-0.031,0.043,-0.005));
#3502=CARTESIAN_POINT('',(3.46944695195361E-18,0.043,-0.005));
#3503=CARTESIAN_POINT('',(3.46944695195361E-18,0.043,-0.002));
#3504=CARTESIAN_POINT('',(0.031,0.043,-0.002));
#3505=CARTESIAN_POINT('',(0.031,0.043,-0.005));
#3506=CARTESIAN_POINT('',(0.031,6.93889390390723E-18,-0.005));
#3507=CARTESIAN_POINT('',(0.031,6.93889390390723E-18,-0.002));
#3508=CARTESIAN_POINT('',(0.,6.93889390390723E-18,-0.002));
#3509=CARTESIAN_POINT('',(-0.00404434496603588,0.00416103423300319,-0.004));
#3510=CARTESIAN_POINT('',(-0.00402164130880699,0.00631205504760146,-0.004));
#3511=CARTESIAN_POINT('',(-0.00402164511034701,0.006311694876919,-0.00400000025));
#3512=CARTESIAN_POINT('',(-0.00404434496603588,0.00416103423300319,-0.004));
#3513=CARTESIAN_POINT('',(-0.00515474714496552,0.00600236180426676,-0.00400000025));
#3514=CARTESIAN_POINT('',(-0.00515473046157727,0.00600233551540441,-0.004));
#3515=CARTESIAN_POINT('',(0.000701900198692059,0.00631205504760146,-0.004));
#3516=CARTESIAN_POINT('',(0.00542544170619111,0.00631205504760146,-0.004));
#3517=CARTESIAN_POINT('',(0.00542544170619111,0.00631205504760146,-0.004));
#3518=CARTESIAN_POINT('',(0.000701900198692059,0.00631205504760146,-0.004));
#3519=CARTESIAN_POINT('',(0.00542544170619111,0.00522739940192373,-0.004));
#3520=CARTESIAN_POINT('',(0.00542544170619111,0.00414274375624599,-0.004));
#3521=CARTESIAN_POINT('',(0.00542544170619111,0.00414274375624599,-0.004));
#3522=CARTESIAN_POINT('',(0.00542544170619111,0.00522739940192373,-0.004));
#3523=CARTESIAN_POINT('',(0.000930047508417459,0.00414274375624599,-0.004));
#3524=CARTESIAN_POINT('',(-0.00356534668935619,0.00414274375624599,-0.004));
#3525=CARTESIAN_POINT('',(-0.00356534668935619,0.00414274375624599,-0.004));
#3526=CARTESIAN_POINT('',(0.000930047508417459,0.00414274375624599,-0.004));
#3527=CARTESIAN_POINT('',(-0.00398085519757117,0.0039872467071594,-0.004));
#3528=CARTESIAN_POINT('',(-0.00398085519757117,0.0039872467071594,-0.005));
#3529=CARTESIAN_POINT('',(-0.00387719049818011,0.00409091140655046,-0.004));
#3530=CARTESIAN_POINT('',(-0.00387719049818011,0.00409091140655046,-0.005));
#3531=CARTESIAN_POINT('',(-0.00373868766210845,0.00414274375624599,-0.004));
#3532=CARTESIAN_POINT('',(-0.00373868766210845,0.00414274375624599,-0.005));
#3533=CARTESIAN_POINT('',(-0.00356534668935619,0.00414274375624599,-0.004));
#3534=CARTESIAN_POINT('',(-0.00356534668935619,0.00414274375624599,-0.005));
#3535=CARTESIAN_POINT('',(-0.00398085519757117,0.0039872467071594,-0.004));
#3536=CARTESIAN_POINT('',(-0.00398085519757117,0.0039872467071594,-0.004));
#3537=CARTESIAN_POINT('',(-0.00398085519757117,0.0039872467071594,-0.004));
#3538=CARTESIAN_POINT('',(-0.00382535814848458,0.00414274375624599,-0.004));
#3539=CARTESIAN_POINT('',(-0.00356534668935619,0.00414274375624599,-0.004));
#3540=CARTESIAN_POINT('',(-0.00413635224665775,0.00357173819894443,-0.004));
#3541=CARTESIAN_POINT('',(-0.00413635224665775,0.00357173819894443,-0.005));
#3542=CARTESIAN_POINT('',(-0.00413635224665775,0.00374507917169669,-0.004));
#3543=CARTESIAN_POINT('',(-0.00413635224665775,0.00374507917169669,-0.005));
#3544=CARTESIAN_POINT('',(-0.00408451989696222,0.00388358200776835,-0.004));
#3545=CARTESIAN_POINT('',(-0.00408451989696222,0.00388358200776835,-0.005));
#3546=CARTESIAN_POINT('',(-0.00398085519757117,0.0039872467071594,-0.004));
#3547=CARTESIAN_POINT('',(-0.00398085519757117,0.0039872467071594,-0.005));
#3548=CARTESIAN_POINT('',(-0.00413635224665775,0.00357173819894443,-0.004));
#3549=CARTESIAN_POINT('',(-0.00413635224665775,0.00357173819894443,-0.004));
#3550=CARTESIAN_POINT('',(-0.00413635224665775,0.00357173819894443,-0.004));
#3551=CARTESIAN_POINT('',(-0.00413635224665775,0.00383174965807282,-0.004));
#3552=CARTESIAN_POINT('',(-0.00398085519757117,0.0039872467071594,-0.004));
#3553=CARTESIAN_POINT('',(-0.00413635224665775,0.000438855029642578,-0.004));
#3554=CARTESIAN_POINT('',(-0.00413635224665775,-0.00269402813965928,-0.004));
#3555=CARTESIAN_POINT('',(-0.00413635224665775,-0.00269402813965928,-0.004));
#3556=CARTESIAN_POINT('',(-0.00413635224665775,0.000438855029642578,-0.004));
#3557=CARTESIAN_POINT('',(-0.00398085519757117,-0.00311845860970708,-0.004));
#3558=CARTESIAN_POINT('',(-0.00398085519757117,-0.00311845860970708,-0.005));
#3559=CARTESIAN_POINT('',(-0.00408451989696222,-0.00302074188487125,-0.004));
#3560=CARTESIAN_POINT('',(-0.00408451989696222,-0.00302074188487125,-0.005));
#3561=CARTESIAN_POINT('',(-0.00413635224665775,-0.00287926506152198,-0.004));
#3562=CARTESIAN_POINT('',(-0.00413635224665775,-0.00287926506152198,-0.005));
#3563=CARTESIAN_POINT('',(-0.00413635224665775,-0.00269402813965928,-0.004));
#3564=CARTESIAN_POINT('',(-0.00413635224665775,-0.00269402813965928,-0.005));
#3565=CARTESIAN_POINT('',(-0.00398085519757117,-0.00311845860970708,-0.004));
#3566=CARTESIAN_POINT('',(-0.00398085519757117,-0.00311845860970708,-0.004));
#3567=CARTESIAN_POINT('',(-0.00398085519757117,-0.00311845860970708,-0.004));
#3568=CARTESIAN_POINT('',(-0.00413635224665775,-0.00297188352245333,-0.004));
#3569=CARTESIAN_POINT('',(-0.00413635224665775,-0.00269402813965928,-0.004));
#3570=CARTESIAN_POINT('',(-0.00356534668935619,-0.00326503369696083,-0.004));
#3571=CARTESIAN_POINT('',(-0.00356534668935619,-0.00326503369696083,-0.005));
#3572=CARTESIAN_POINT('',(-0.00373868766210845,-0.00326503369696083,-0.004));
#3573=CARTESIAN_POINT('',(-0.00373868766210845,-0.00326503369696083,-0.005));
#3574=CARTESIAN_POINT('',(-0.00387719049818011,-0.00321617533454291,-0.004));
#3575=CARTESIAN_POINT('',(-0.00387719049818011,-0.00321617533454291,-0.005));
#3576=CARTESIAN_POINT('',(-0.00398085519757117,-0.00311845860970708,-0.004));
#3577=CARTESIAN_POINT('',(-0.00398085519757117,-0.00311845860970708,-0.005));
#3578=CARTESIAN_POINT('',(-0.00356534668935619,-0.00326503369696083,-0.004));
#3579=CARTESIAN_POINT('',(-0.00356534668935619,-0.00326503369696083,-0.004));
#3580=CARTESIAN_POINT('',(-0.00356534668935619,-0.00326503369696083,-0.004));
#3581=CARTESIAN_POINT('',(-0.00382535814848458,-0.00326503369696083,-0.004));
#3582=CARTESIAN_POINT('',(-0.00398085519757117,-0.00311845860970708,-0.004));
#3583=CARTESIAN_POINT('',(0.000930047508417459,-0.00326503369696083,-0.004));
#3584=CARTESIAN_POINT('',(0.00542544170619111,-0.00326503369696083,-0.004));
#3585=CARTESIAN_POINT('',(0.00542544170619111,-0.00326503369696083,-0.004));
#3586=CARTESIAN_POINT('',(0.000930047508417459,-0.00326503369696083,-0.004));
#3587=CARTESIAN_POINT('',(0.00542544170619111,-0.00434968934263856,-0.004));
#3588=CARTESIAN_POINT('',(0.00542544170619111,-0.0054343449883163,-0.004));
#3589=CARTESIAN_POINT('',(0.00542544170619111,-0.0054343449883163,-0.004));
#3590=CARTESIAN_POINT('',(0.00542544170619111,-0.00434968934263856,-0.004));
#3591=CARTESIAN_POINT('',(0.000701900198692059,-0.0054343449883163,-0.004));
#3592=CARTESIAN_POINT('',(-0.00402164130880699,-0.0054343449883163,-0.004));
#3593=CARTESIAN_POINT('',(-0.00402164511034701,-0.00543398481763378,-0.004));
#3594=CARTESIAN_POINT('',(0.000701900198692059,-0.0054343449883163,-0.004));
#3595=CARTESIAN_POINT('',(-0.00404434496603711,-0.00328332417372252,-0.004));
#3596=CARTESIAN_POINT('',(-0.00515473046157727,-0.00512462545611925,-0.004));
#3597=CARTESIAN_POINT('',(-0.00515474696778026,-0.00512465185094086,-0.004));
#3598=CARTESIAN_POINT('',(-0.00404434496603711,-0.00328332417372252,-0.004));
#3599=CARTESIAN_POINT('',(-0.00392523752317102,-0.00306866555912512,-0.004));
#3600=CARTESIAN_POINT('',(-0.00597937464812662,-0.00430125583554602,-0.004));
#3601=CARTESIAN_POINT('',(-0.00597940817903943,-0.00430127670476008,-0.004));
#3602=CARTESIAN_POINT('',(-0.00392523752317102,-0.00306866555912512,-0.004));
#3603=CARTESIAN_POINT('',(-0.0041413533759192,-0.00318947706898471,-0.004));
#3604=CARTESIAN_POINT('',(-0.00629036874629979,-0.00316561755082351,-0.004));
#3605=CARTESIAN_POINT('',(-0.00628998366546161,-0.00316562182619696,-0.00400000025));
#3606=CARTESIAN_POINT('',(-0.0041413533759192,-0.00318947706898471,-0.004));
#3607=CARTESIAN_POINT('',(-0.00629036874629979,0.000438855029642578,-0.004));
#3608=CARTESIAN_POINT('',(-0.00629036874629979,0.00404332761010867,-0.004));
#3609=CARTESIAN_POINT('',(-0.00628998366546161,0.00404333188548211,-0.004));
#3610=CARTESIAN_POINT('',(-0.00629036874629979,0.000438855029642578,-0.004));
#3611=CARTESIAN_POINT('',(-0.00414135337591919,0.00406718712826986,-0.004));
#3612=CARTESIAN_POINT('',(-0.00597937464812662,0.00517896589483118,-0.004));
#3613=CARTESIAN_POINT('',(-0.00597940814361935,0.00517898682422587,-0.004));
#3614=CARTESIAN_POINT('',(-0.00414135337591919,0.00406718712826986,-0.004));
#3615=CARTESIAN_POINT('',(-0.00392523752317101,0.00394637561841028,-0.004));
#3616=CARTESIAN_POINT('',(-0.00392523752317101,0.00394637561841028,-0.004));
#3617=CARTESIAN_POINT('',(6.93889390390723E-18,6.93889390390723E-18,-0.004));
#3618=CARTESIAN_POINT('',(-0.0133361694622886,0.000112566139755973,-0.004));
#3619=CARTESIAN_POINT('',(-0.0133361694622886,0.000112566139755973,-0.005));
#3620=CARTESIAN_POINT('',(-0.0168437789741362,0.0001124290995153,-0.005));
#3621=CARTESIAN_POINT('',(-0.00982856353999912,0.000112531036383882,-0.005));
#3622=CARTESIAN_POINT('',(-0.0168437750285696,0.000112566139755972,-0.004));
#3623=CARTESIAN_POINT('',(-0.0168437789741362,0.0001124290995153,-0.004));
#3624=CARTESIAN_POINT('',(-0.0133361694622886,0.000112566139755973,-0.004));
#3625=CARTESIAN_POINT('',(-0.00982856353999912,0.000112531036383882,-0.00400000025));
#3626=CARTESIAN_POINT('',(-0.00982856389600766,0.000112566139755974,-0.004));
#3627=CARTESIAN_POINT('',(-0.0168497655953819,-9.5502514509694E-5,-0.004));
#3628=CARTESIAN_POINT('',(-0.0168497655953819,-9.5502514509694E-5,-0.005));
#3629=CARTESIAN_POINT('',(-0.0169824237655593,6.45480624579619E-5,-0.005));
#3630=CARTESIAN_POINT('',(-0.0169824237655593,6.45480624579619E-5,-0.004));
#3631=CARTESIAN_POINT('',(-0.0169824237655593,6.45480624579619E-5,-0.004));
#3632=CARTESIAN_POINT('',(-0.0168497655953819,-9.5502514509694E-5,-0.004));
#3633=CARTESIAN_POINT('',(-0.0168787755822128,-5.87073852424879E-5,-0.004));
#3634=CARTESIAN_POINT('',(-0.0168787755822128,-5.87073852424879E-5,-0.005));
#3635=CARTESIAN_POINT('',(-0.0170398590343006,-6.58642485543317E-5,-0.005));
#3636=CARTESIAN_POINT('',(-0.0170400581888921,-6.58730969007645E-5,-0.004));
#3637=CARTESIAN_POINT('',(-0.0170398590343006,-6.58642485543317E-5,-0.00400000025));
#3638=CARTESIAN_POINT('',(-0.0168787755822128,-5.87073852424879E-5,-0.004));
#3639=CARTESIAN_POINT('',(-0.0170400581888921,-0.0015673118167696,-0.004));
#3640=CARTESIAN_POINT('',(-0.0170400581888921,-0.0015673118167696,-0.005));
#3641=CARTESIAN_POINT('',(-0.0170399980605187,-0.00306875162225481,-0.005));
#3642=CARTESIAN_POINT('',(-0.0170400581888921,-0.00306875053663842,-0.004));
#3643=CARTESIAN_POINT('',(-0.0170399980605187,-0.00306875162225481,-0.004));
#3644=CARTESIAN_POINT('',(-0.0170400581888921,-0.0015673118167696,-0.004));
#3645=CARTESIAN_POINT('',(-0.0168512693980025,-0.00307215911388012,-0.004));
#3646=CARTESIAN_POINT('',(-0.0168512693980025,-0.00307215911388012,-0.005));
#3647=CARTESIAN_POINT('',(-0.0169826418663279,-0.00320761643660557,-0.005));
#3648=CARTESIAN_POINT('',(-0.016982642328042,-0.00320761596052845,-0.004));
#3649=CARTESIAN_POINT('',(-0.0169826418663279,-0.00320761643660557,-0.004));
#3650=CARTESIAN_POINT('',(-0.0168512693980025,-0.00307215911388012,-0.004));
#3651=CARTESIAN_POINT('',(-0.0168471836058113,-0.00307624490607126,-0.004));
#3652=CARTESIAN_POINT('',(-0.0168471836058113,-0.00307624490607126,-0.005));
#3653=CARTESIAN_POINT('',(-0.016843776114186,-0.00326497356858752,-0.005));
#3654=CARTESIAN_POINT('',(-0.0168437750285696,-0.00326503369696084,-0.004));
#3655=CARTESIAN_POINT('',(-0.016843776114186,-0.00326497356858752,-0.00400000025));
#3656=CARTESIAN_POINT('',(-0.0168471836058113,-0.00307624490607126,-0.004));
#3657=CARTESIAN_POINT('',(-0.0133361694622886,-0.00326503369696083,-0.004));
#3658=CARTESIAN_POINT('',(-0.0133361694622886,-0.00326503369696083,-0.005));
#3659=CARTESIAN_POINT('',(-0.00982856385048599,-0.00326507810343409,-0.005));
#3660=CARTESIAN_POINT('',(-0.00982856389600765,-0.00326503369696083,-0.004));
#3661=CARTESIAN_POINT('',(-0.00982856385048599,-0.00326507810343409,-0.004));
#3662=CARTESIAN_POINT('',(-0.0133361694622886,-0.00326503369696083,-0.004));
#3663=CARTESIAN_POINT('',(-0.00982878456063133,-0.00304977488991921,-0.004));
#3664=CARTESIAN_POINT('',(-0.00982878456063133,-0.00304977488991921,-0.005));
#3665=CARTESIAN_POINT('',(-0.00968210145589939,-0.00320755251962105,-0.005));
#3666=CARTESIAN_POINT('',(-0.00968198880875391,-0.00320767822803545,-0.004));
#3667=CARTESIAN_POINT('',(-0.00968210145589939,-0.00320755251962105,-0.004));
#3668=CARTESIAN_POINT('',(-0.00982878456063133,-0.00304977488991921,-0.004));
#3669=CARTESIAN_POINT('',(-0.00979514427353186,-0.00306953708672027,-0.004));
#3670=CARTESIAN_POINT('',(-0.00979514427353186,-0.00306953708672027,-0.005));
#3671=CARTESIAN_POINT('',(-0.00961694963938334,-0.00306875037635752,-0.005));
#3672=CARTESIAN_POINT('',(-0.00961698594397181,-0.00306875053663842,-0.004));
#3673=CARTESIAN_POINT('',(-0.00961694963938334,-0.00306875037635752,-0.00400000025));
#3674=CARTESIAN_POINT('',(-0.00979514427353186,-0.00306953708672027,-0.004));
#3675=CARTESIAN_POINT('',(-0.00961698594397181,-0.00156731181676959,-0.004));
#3676=CARTESIAN_POINT('',(-0.00961698594397181,-0.00156731181676959,-0.005));
#3677=CARTESIAN_POINT('',(-0.00961708441937137,-6.58701403814404E-5,-0.005));
#3678=CARTESIAN_POINT('',(-0.00961698594397181,-6.58730969007627E-5,-0.004));
#3679=CARTESIAN_POINT('',(-0.00961708441937137,-6.58701403814404E-5,-0.004));
#3680=CARTESIAN_POINT('',(-0.00961698594397181,-0.00156731181676959,-0.004));
#3681=CARTESIAN_POINT('',(-0.00977039002491687,-6.1267458015518E-5,-0.004));
#3682=CARTESIAN_POINT('',(-0.00977039002491687,-6.1267458015518E-5,-0.005));
#3683=CARTESIAN_POINT('',(-0.0096820320235823,6.40705217580716E-5,-0.005));
#3684=CARTESIAN_POINT('',(-0.00968198880875391,6.41326326634309E-5,-0.004));
#3685=CARTESIAN_POINT('',(-0.0096820320235823,6.40705217580716E-5,-0.004));
#3686=CARTESIAN_POINT('',(-0.00977039002491687,-6.1267458015518E-5,-0.004));
#3687=CARTESIAN_POINT('',(-0.0191940746885341,0.000446502425499295,-0.004));
#3688=CARTESIAN_POINT('',(-0.0191940746885341,0.00631205504760146,-0.004));
#3689=CARTESIAN_POINT('',(-0.0191940746885341,0.00631205504760146,-0.004));
#3690=CARTESIAN_POINT('',(-0.0191940746885341,0.000446502425499295,-0.004));
#3691=CARTESIAN_POINT('',(-0.0191940746885341,-0.00541905019660287,-0.004));
#3692=CARTESIAN_POINT('',(-0.0191940746885341,-0.00541905019660287,-0.004));
#3693=CARTESIAN_POINT('',(-0.0181170664387131,0.00631205504760146,-0.004));
#3694=CARTESIAN_POINT('',(-0.0170400581888921,0.00631205504760146,-0.004));
#3695=CARTESIAN_POINT('',(-0.0170400581888921,0.00631205504760146,-0.004));
#3696=CARTESIAN_POINT('',(-0.0181170664387131,0.00631205504760146,-0.004));
#3697=CARTESIAN_POINT('',(-0.0170400581888921,0.00430588820118929,-0.004));
#3698=CARTESIAN_POINT('',(-0.0170400581888921,0.00229972135477712,-0.004));
#3699=CARTESIAN_POINT('',(-0.0170400581888921,0.00229972135477712,-0.004));
#3700=CARTESIAN_POINT('',(-0.0170400581888921,0.00430588820118929,-0.004));
#3701=CARTESIAN_POINT('',(-0.0133858775353573,0.00229079939294428,-0.004));
#3702=CARTESIAN_POINT('',(-0.00973169688182257,0.00228187743111145,-0.004));
#3703=CARTESIAN_POINT('',(-0.00973169355390015,0.00228153838506139,-0.004));
#3704=CARTESIAN_POINT('',(-0.0133858775353573,0.00229079939294428,-0.004));
#3705=CARTESIAN_POINT('',(-0.00970972823524927,4.37294502342757E-5,-0.004));
#3706=CARTESIAN_POINT('',(-0.00858841120124334,0.00197980529477111,-0.004));
#3707=CARTESIAN_POINT('',(-0.00858838410024677,0.00197985133258726,-0.004));
#3708=CARTESIAN_POINT('',(-0.00970972823524927,4.37294502342757E-5,-0.004));
#3709=CARTESIAN_POINT('',(-0.0097256257352584,1.45757845823712E-6,-0.004));
#3710=CARTESIAN_POINT('',(-0.00775739418481339,0.00115643567419788,-0.004));
#3711=CARTESIAN_POINT('',(-0.00775749188453218,0.0011563792309717,-0.004));
#3712=CARTESIAN_POINT('',(-0.0097256257352584,1.45757845823712E-6,-0.004));
#3713=CARTESIAN_POINT('',(-0.00963832070960186,3.4525504061734E-5,-0.004));
#3714=CARTESIAN_POINT('',(-0.00744767465261634,1.5699125570888E-5,-0.004));
#3715=CARTESIAN_POINT('',(-0.00744795104415532,1.57015008755192E-5,-0.00400000025));
#3716=CARTESIAN_POINT('',(-0.00963832070960186,3.4525504061734E-5,-0.004));
#3717=CARTESIAN_POINT('',(-0.00744767465261634,-0.00156731181676959,-0.004));
#3718=CARTESIAN_POINT('',(-0.00744767465261634,-0.00315032275911007,-0.004));
#3719=CARTESIAN_POINT('',(-0.00744803482329891,-0.0031503265606501,-0.004));
#3720=CARTESIAN_POINT('',(-0.00744767465261634,-0.00156731181676959,-0.004));
#3721=CARTESIAN_POINT('',(-0.00959869546720963,-0.00317302641634063,-0.004));
#3722=CARTESIAN_POINT('',(-0.00775739418481339,-0.00428341191188035,-0.004));
#3723=CARTESIAN_POINT('',(-0.00775731041857326,-0.00428346260955745,-0.004));
#3724=CARTESIAN_POINT('',(-0.00959869546720963,-0.00317302641634063,-0.004));
#3725=CARTESIAN_POINT('',(-0.0097933281278091,-0.0030618910073663,-0.004));
#3726=CARTESIAN_POINT('',(-0.00858841120124333,-0.0051080560984297,-0.004));
#3727=CARTESIAN_POINT('',(-0.00858846802883677,-0.00510795766958483,-0.004));
#3728=CARTESIAN_POINT('',(-0.0097933281278091,-0.0030618910073663,-0.004));
#3729=CARTESIAN_POINT('',(-0.00971170004789739,-0.00323055963926191,-0.004));
#3730=CARTESIAN_POINT('',(-0.00973169688182257,-0.00541905019660287,-0.004));
#3731=CARTESIAN_POINT('',(-0.00973169413263394,-0.00541874932030569,-0.00400000025));
#3732=CARTESIAN_POINT('',(-0.00971170004789739,-0.00323055963926191,-0.004));
#3733=CARTESIAN_POINT('',(-0.0144628857851783,-0.00541905019660287,-0.004));
#3734=CARTESIAN_POINT('',(-0.0144628857851783,-0.00541905019660287,-0.004));
#3735=CARTESIAN_POINT('',(-0.0098261418194356,-0.000126256937818654,-0.004));
#3736=CARTESIAN_POINT('',(-0.0098261418194356,-0.000126256937818654,-0.005));
#3737=CARTESIAN_POINT('',(-0.0098261418194356,-0.000126256937818654,-0.004));
#3738=CARTESIAN_POINT('',(6.93889390390723E-18,6.93889390390723E-18,-0.004));
#3739=CARTESIAN_POINT('',(0.0127988058780427,-0.000751589592053078,-0.004));
#3740=CARTESIAN_POINT('',(0.0127988058780427,-0.000751589592053078,-0.005));
#3741=CARTESIAN_POINT('',(0.00951934653587071,-0.00075164972042649,-0.005));
#3742=CARTESIAN_POINT('',(0.0160782729829449,-0.000751788746646918,-0.005));
#3743=CARTESIAN_POINT('',(0.0095193476214871,-0.000751589592053079,-0.004));
#3744=CARTESIAN_POINT('',(0.00951934653587071,-0.00075164972042649,-0.004));
#3745=CARTESIAN_POINT('',(0.0127988058780427,-0.000751589592053078,-0.004));
#3746=CARTESIAN_POINT('',(0.0160782729829449,-0.000751788746646918,-0.00400000025));
#3747=CARTESIAN_POINT('',(0.0160782641345983,-0.000751589592053078,-0.004));
#3748=CARTESIAN_POINT('',(0.00951593904424408,-0.000940378382939504,-0.004));
#3749=CARTESIAN_POINT('',(0.00951593904424408,-0.000940378382939504,-0.005));
#3750=CARTESIAN_POINT('',(0.00938048172152014,-0.000809005914617265,-0.005));
#3751=CARTESIAN_POINT('',(0.00938048219759718,-0.000809005452903308,-0.004));
#3752=CARTESIAN_POINT('',(0.00938048172152014,-0.000809005914617265,-0.004));
#3753=CARTESIAN_POINT('',(0.00951593904424408,-0.000940378382939504,-0.004));
#3754=CARTESIAN_POINT('',(0.00951185325205111,-0.00094446417513246,-0.004));
#3755=CARTESIAN_POINT('',(0.00951185325205111,-0.00094446417513246,-0.005));
#3756=CARTESIAN_POINT('',(0.0093231245895381,-0.000947871666759101,-0.005));
#3757=CARTESIAN_POINT('',(0.00932306446116469,-0.000947872752375489,-0.004));
#3758=CARTESIAN_POINT('',(0.0093231245895381,-0.000947871666759101,-0.00400000025));
#3759=CARTESIAN_POINT('',(0.00951185325205111,-0.00094446417513246,-0.004));
#3760=CARTESIAN_POINT('',(0.00932306446116469,-0.00200831164450696,-0.004));
#3761=CARTESIAN_POINT('',(0.00932306446116469,-0.00200831164450696,-0.005));
#3762=CARTESIAN_POINT('',(0.00932312458953809,-0.00306875162225481,-0.005));
#3763=CARTESIAN_POINT('',(0.00932306446116469,-0.00306875053663842,-0.004));
#3764=CARTESIAN_POINT('',(0.00932312458953809,-0.00306875162225481,-0.004));
#3765=CARTESIAN_POINT('',(0.00932306446116469,-0.00200831164450696,-0.004));
#3766=CARTESIAN_POINT('',(0.00951185325205113,-0.00307215911388139,-0.004));
#3767=CARTESIAN_POINT('',(0.00951185325205113,-0.00307215911388139,-0.005));
#3768=CARTESIAN_POINT('',(0.00938048078372686,-0.00320761643660351,-0.005));
#3769=CARTESIAN_POINT('',(0.00938048032201481,-0.00320761596052844,-0.004));
#3770=CARTESIAN_POINT('',(0.00938048078372686,-0.00320761643660351,-0.004));
#3771=CARTESIAN_POINT('',(0.00951185325205113,-0.00307215911388139,-0.004));
#3772=CARTESIAN_POINT('',(0.00951593904424541,-0.00307624490607132,-0.004));
#3773=CARTESIAN_POINT('',(0.00951593904424541,-0.00307624490607132,-0.005));
#3774=CARTESIAN_POINT('',(0.00951934653587071,-0.00326497356858752,-0.005));
#3775=CARTESIAN_POINT('',(0.0095193476214871,-0.00326503369696083,-0.004));
#3776=CARTESIAN_POINT('',(0.00951934653587071,-0.00326497356858752,-0.00400000025));
#3777=CARTESIAN_POINT('',(0.00951593904424541,-0.00307624490607132,-0.004));
#3778=CARTESIAN_POINT('',(0.0127988058780427,-0.00326503369696083,-0.004));
#3779=CARTESIAN_POINT('',(0.0127988058780427,-0.00326503369696083,-0.005));
#3780=CARTESIAN_POINT('',(0.0160782729829447,-0.00326483454236982,-0.005));
#3781=CARTESIAN_POINT('',(0.0160782641345983,-0.00326503369696083,-0.004));
#3782=CARTESIAN_POINT('',(0.0160782729829447,-0.00326483454236982,-0.004));
#3783=CARTESIAN_POINT('',(0.0127988058780427,-0.00326503369696083,-0.004));
#3784=CARTESIAN_POINT('',(0.0160854298462516,-0.00310375109027031,-0.004));
#3785=CARTESIAN_POINT('',(0.0160854298462516,-0.00310375109027031,-0.005));
#3786=CARTESIAN_POINT('',(0.0162086852938362,-0.00320739927377303,-0.005));
#3787=CARTESIAN_POINT('',(0.0162086852938362,-0.00320739927377303,-0.004));
#3788=CARTESIAN_POINT('',(0.0162086852938362,-0.00320739927377303,-0.004));
#3789=CARTESIAN_POINT('',(0.0160854298462516,-0.00310375109027031,-0.004));
#3790=CARTESIAN_POINT('',(0.0160486347170017,-0.00307474110345492,-0.004));
#3791=CARTESIAN_POINT('',(0.0160486347170017,-0.00307474110345492,-0.005));
#3792=CARTESIAN_POINT('',(0.0162565663310141,-0.00306875448220496,-0.005));
#3793=CARTESIAN_POINT('',(0.0162567033712551,-0.00306875053663842,-0.004));
#3794=CARTESIAN_POINT('',(0.0162565663310141,-0.00306875448220496,-0.00400000025));
#3795=CARTESIAN_POINT('',(0.0160486347170017,-0.00307474110345492,-0.004));
#3796=CARTESIAN_POINT('',(0.0162567033712551,-0.00200831164450696,-0.004));
#3797=CARTESIAN_POINT('',(0.0162567033712551,-0.00200831164450696,-0.005));
#3798=CARTESIAN_POINT('',(0.0162565663310144,-0.00094786880680896,-0.005));
#3799=CARTESIAN_POINT('',(0.0162567033712551,-0.000947872752375487,-0.004));
#3800=CARTESIAN_POINT('',(0.0162565663310144,-0.00094786880680896,-0.004));
#3801=CARTESIAN_POINT('',(0.0162567033712551,-0.00200831164450696,-0.004));
#3802=CARTESIAN_POINT('',(0.0160486347169895,-0.000941882185563212,-0.004));
#3803=CARTESIAN_POINT('',(0.0160486347169895,-0.000941882185563212,-0.005));
#3804=CARTESIAN_POINT('',(0.0162086852939749,-0.000809224015407356,-0.005));
#3805=CARTESIAN_POINT('',(0.0162086852939749,-0.000809224015407356,-0.004));
#3806=CARTESIAN_POINT('',(0.0162086852939749,-0.000809224015407356,-0.004));
#3807=CARTESIAN_POINT('',(0.0160486347169895,-0.000941882185563212,-0.004));
#3808=CARTESIAN_POINT('',(0.0130269531877681,0.00414274375624599,-0.004));
#3809=CARTESIAN_POINT('',(0.0130269531877681,0.00414274375624599,-0.005));
#3810=CARTESIAN_POINT('',(0.00951934653587071,0.00414268362787268,-0.005));
#3811=CARTESIAN_POINT('',(0.0165345587995708,0.00414278816271919,-0.005));
#3812=CARTESIAN_POINT('',(0.0095193476214871,0.00414274375624599,-0.004));
#3813=CARTESIAN_POINT('',(0.00951934653587071,0.00414268362787268,-0.004));
#3814=CARTESIAN_POINT('',(0.0130269531877681,0.00414274375624599,-0.004));
#3815=CARTESIAN_POINT('',(0.0165345587995708,0.00414278816271919,-0.00400000025));
#3816=CARTESIAN_POINT('',(0.0165345587540491,0.00414274375624599,-0.004));
#3817=CARTESIAN_POINT('',(0.00951593904424541,0.00395395496535647,-0.004));
#3818=CARTESIAN_POINT('',(0.00951593904424541,0.00395395496535647,-0.005));
#3819=CARTESIAN_POINT('',(0.00938048172151819,0.0040853274336799,-0.005));
#3820=CARTESIAN_POINT('',(0.00938048219759719,0.00408532789539575,-0.004));
#3821=CARTESIAN_POINT('',(0.00938048172151819,0.0040853274336799,-0.004));
#3822=CARTESIAN_POINT('',(0.00951593904424541,0.00395395496535647,-0.004));
#3823=CARTESIAN_POINT('',(0.00951185325205141,0.00394986917316642,-0.004));
#3824=CARTESIAN_POINT('',(0.00951185325205141,0.00394986917316642,-0.005));
#3825=CARTESIAN_POINT('',(0.00932312458953808,0.00394646168153997,-0.005));
#3826=CARTESIAN_POINT('',(0.00932306446116469,0.00394646059592358,-0.004));
#3827=CARTESIAN_POINT('',(0.00932312458953808,0.00394646168153997,-0.00400000025));
#3828=CARTESIAN_POINT('',(0.00951185325205141,0.00394986917316642,-0.004));
#3829=CARTESIAN_POINT('',(0.00932306446116469,0.00278023272777419,-0.004));
#3830=CARTESIAN_POINT('',(0.00932306446116469,0.00278023272777419,-0.005));
#3831=CARTESIAN_POINT('',(0.00932312458953806,0.00161400377400842,-0.005));
#3832=CARTESIAN_POINT('',(0.00932306446116469,0.0016140048596248,-0.004));
#3833=CARTESIAN_POINT('',(0.00932312458953806,0.00161400377400842,-0.004));
#3834=CARTESIAN_POINT('',(0.00932306446116469,0.00278023272777419,-0.004));
#3835=CARTESIAN_POINT('',(0.00951185325205204,0.00161059628238222,-0.004));
#3836=CARTESIAN_POINT('',(0.00951185325205204,0.00161059628238222,-0.005));
#3837=CARTESIAN_POINT('',(0.00938048078372741,0.00147513895965914,-0.005));
#3838=CARTESIAN_POINT('',(0.00938048032201481,0.00147513943573478,-0.004));
#3839=CARTESIAN_POINT('',(0.00938048078372741,0.00147513895965914,-0.004));
#3840=CARTESIAN_POINT('',(0.00951185325205204,0.00161059628238222,-0.004));
#3841=CARTESIAN_POINT('',(0.00951593904424541,0.00160651049019191,-0.004));
#3842=CARTESIAN_POINT('',(0.00951593904424541,0.00160651049019191,-0.005));
#3843=CARTESIAN_POINT('',(0.00951934653587071,0.00141778182767571,-0.005));
#3844=CARTESIAN_POINT('',(0.0095193476214871,0.00141772169930239,-0.004));
#3845=CARTESIAN_POINT('',(0.00951934653587071,0.00141778182767571,-0.00400000025));
#3846=CARTESIAN_POINT('',(0.00951593904424541,0.00160651049019191,-0.004));
#3847=CARTESIAN_POINT('',(0.0130269531877681,0.00141772169930239,-0.004));
#3848=CARTESIAN_POINT('',(0.0130269531877681,0.00141772169930239,-0.005));
#3849=CARTESIAN_POINT('',(0.0165345587995708,0.0014176772928292,-0.005));
#3850=CARTESIAN_POINT('',(0.0165345587540491,0.00141772169930239,-0.004));
#3851=CARTESIAN_POINT('',(0.0165345587995708,0.0014176772928292,-0.004));
#3852=CARTESIAN_POINT('',(0.0130269531877681,0.00141772169930239,-0.004));
#3853=CARTESIAN_POINT('',(0.0165343380894284,0.00163298050633407,-0.004));
#3854=CARTESIAN_POINT('',(0.0165343380894284,0.00163298050633407,-0.005));
#3855=CARTESIAN_POINT('',(0.0166810205220873,0.00147520219641834,-0.005));
#3856=CARTESIAN_POINT('',(0.0166811338413029,0.00147507716822777,-0.004));
#3857=CARTESIAN_POINT('',(0.0166810205220873,0.00147520219641834,-0.004));
#3858=CARTESIAN_POINT('',(0.0165343380894284,0.00163298050633407,-0.004));
#3859=CARTESIAN_POINT('',(0.0165679783765249,0.00161321830954295,-0.004));
#3860=CARTESIAN_POINT('',(0.0165679783765249,0.00161321830954295,-0.005));
#3861=CARTESIAN_POINT('',(0.0167461730106734,0.0016140050199057,-0.005));
#3862=CARTESIAN_POINT('',(0.0167461367060849,0.0016140048596248,-0.004));
#3863=CARTESIAN_POINT('',(0.0167461730106734,0.0016140050199057,-0.00400000025));
#3864=CARTESIAN_POINT('',(0.0165679783765249,0.00161321830954295,-0.004));
#3865=CARTESIAN_POINT('',(0.0167461367060849,0.00278023272777419,-0.004));
#3866=CARTESIAN_POINT('',(0.0167461367060849,0.00278023272777419,-0.005));
#3867=CARTESIAN_POINT('',(0.0167461730106734,0.00394646043564268,-0.005));
#3868=CARTESIAN_POINT('',(0.0167461367060849,0.00394646059592358,-0.004));
#3869=CARTESIAN_POINT('',(0.0167461730106734,0.00394646043564268,-0.004));
#3870=CARTESIAN_POINT('',(0.0167461367060849,0.00278023272777419,-0.004));
#3871=CARTESIAN_POINT('',(0.0165679783765249,0.00394724714600543,-0.004));
#3872=CARTESIAN_POINT('',(0.0165679783765249,0.00394724714600543,-0.005));
#3873=CARTESIAN_POINT('',(0.0166810273387363,0.0040852575944864,-0.005));
#3874=CARTESIAN_POINT('',(0.0166811338413029,0.00408538828732061,-0.004));
#3875=CARTESIAN_POINT('',(0.0166810273387363,0.0040852575944864,-0.004));
#3876=CARTESIAN_POINT('',(0.0165679783765249,0.00394724714600543,-0.004));
#3877=CARTESIAN_POINT('',(0.00717159709347489,0.00043885502964258,-0.004));
#3878=CARTESIAN_POINT('',(0.00717159709347489,0.00631205504760146,-0.004));
#3879=CARTESIAN_POINT('',(0.00717159709347489,0.00631205504760146,-0.004));
#3880=CARTESIAN_POINT('',(0.00717159709347489,0.00043885502964258,-0.004));
#3881=CARTESIAN_POINT('',(0.00717159709347489,-0.0054343449883163,-0.004));
#3882=CARTESIAN_POINT('',(0.00717159709347489,-0.0054343449883163,-0.004));
#3883=CARTESIAN_POINT('',(0.0119027859968307,0.00631205504760146,-0.004));
#3884=CARTESIAN_POINT('',(0.0166339749001865,0.00631205504760147,-0.004));
#3885=CARTESIAN_POINT('',(0.0166339772754911,0.00631177865606249,-0.004));
#3886=CARTESIAN_POINT('',(0.0119027859968307,0.00631205504760146,-0.004));
#3887=CARTESIAN_POINT('',(0.0166528012786773,0.00412140899061627,-0.004));
#3888=CARTESIAN_POINT('',(0.0177747114488134,0.00600233551540441,-0.004));
#3889=CARTESIAN_POINT('',(0.0177746503219125,0.00600223064448029,-0.004));
#3890=CARTESIAN_POINT('',(0.0166528012786773,0.00412140899061627,-0.004));
#3891=CARTESIAN_POINT('',(0.0165728362740469,0.00395436357483413,-0.004));
#3892=CARTESIAN_POINT('',(0.0186070030312195,0.00517896589483119,-0.004));
#3893=CARTESIAN_POINT('',(0.0186070937633178,0.00517902087959769,-0.004));
#3894=CARTESIAN_POINT('',(0.0165728362740469,0.00395436357483413,-0.004));
#3895=CARTESIAN_POINT('',(0.0167689817590119,0.00406718712826988,-0.004));
#3896=CARTESIAN_POINT('',(0.0189179971293926,0.00404332761010867,-0.004));
#3897=CARTESIAN_POINT('',(0.0189176120485545,0.00404333188548212,-0.00400000025));
#3898=CARTESIAN_POINT('',(0.0167689817590119,0.00406718712826988,-0.004));
#3899=CARTESIAN_POINT('',(0.0189179971293926,0.00277895816179808,-0.004));
#3900=CARTESIAN_POINT('',(0.0189179971293926,0.00151458871348748,-0.004));
#3901=CARTESIAN_POINT('',(0.0189182686184705,0.00151458654720402,-0.004));
#3902=CARTESIAN_POINT('',(0.0189179971293926,0.00277895816179808,-0.004));
#3903=CARTESIAN_POINT('',(0.0168341623953607,0.00153121618429172,-0.004));
#3904=CARTESIAN_POINT('',(0.0187459307226165,0.00069886648877097,-0.004));
#3905=CARTESIAN_POINT('',(0.0187457333107229,0.000698953451777167,-0.004));
#3906=CARTESIAN_POINT('',(0.0168341623953607,0.00153121618429172,-0.004));
#3907=CARTESIAN_POINT('',(0.0152703854947939,0.00217874262404266,-0.004));
#3908=CARTESIAN_POINT('',(0.0182959033541006,-8.34302323165655E-5,-0.004));
#3909=CARTESIAN_POINT('',(0.0182959033541006,-8.34302323165655E-5,-0.004));
#3910=CARTESIAN_POINT('',(0.0152703854947939,0.00217874262404266,-0.004));
#3911=CARTESIAN_POINT('',(0.0169350687495888,-0.000704994590475678,-0.004));
#3912=CARTESIAN_POINT('',(0.0184107198708971,-0.000458439417545581,-0.004));
#3913=CARTESIAN_POINT('',(0.0184107428996616,-0.000458435637001587,-0.004));
#3914=CARTESIAN_POINT('',(0.0169350687495888,-0.000704994590475678,-0.004));
#3915=CARTESIAN_POINT('',(0.0159961477674156,-0.000858831870360734,-0.004));
#3916=CARTESIAN_POINT('',(0.0184438585862762,-0.000866300529903837,-0.004));
#3917=CARTESIAN_POINT('',(0.0184438134004552,-0.000866300392029089,-0.00400000025));
#3918=CARTESIAN_POINT('',(0.0159961477674156,-0.000858831870360734,-0.004));
#3919=CARTESIAN_POINT('',(0.0184438585862762,-0.00201595904036367,-0.004));
#3920=CARTESIAN_POINT('',(0.0184438585862762,-0.0031656175508235,-0.004));
#3921=CARTESIAN_POINT('',(0.0184434680073621,-0.00316562192522531,-0.004));
#3922=CARTESIAN_POINT('',(0.0184438585862762,-0.00201595904036367,-0.004));
#3923=CARTESIAN_POINT('',(0.0162881032790342,-0.00318976155746674,-0.004));
#3924=CARTESIAN_POINT('',(0.0181341390540792,-0.00430125583554602,-0.004));
#3925=CARTESIAN_POINT('',(0.0181341850345747,-0.00430128411808123,-0.004));
#3926=CARTESIAN_POINT('',(0.0162881032790342,-0.00318976155746674,-0.004));
#3927=CARTESIAN_POINT('',(0.0160872830793657,-0.00307776948140579,-0.004));
#3928=CARTESIAN_POINT('',(0.0173107694335059,-0.00512462545611925,-0.004));
#3929=CARTESIAN_POINT('',(0.017310797641622,-0.00512467148056811,-0.004));
#3930=CARTESIAN_POINT('',(0.0160872830793657,-0.00307776948140579,-0.004));
#3931=CARTESIAN_POINT('',(0.0161992751554267,-0.00327858968107441,-0.004));
#3932=CARTESIAN_POINT('',(0.0161751311487834,-0.0054343449883163,-0.004));
#3933=CARTESIAN_POINT('',(0.0161751355231852,-0.00543395440940218,-0.00400000025));
#3934=CARTESIAN_POINT('',(0.0161992751554267,-0.00327858968107441,-0.004));
#3935=CARTESIAN_POINT('',(0.0165343380894284,0.0039274849492143,-0.004));
#3936=CARTESIAN_POINT('',(0.0165343380894284,0.0039274849492143,-0.005));
#3937=CARTESIAN_POINT('',(0.0165343380894284,0.0039274849492143,-0.004));
#3938=CARTESIAN_POINT('',(0.0116733641211291,-0.0054343449883163,-0.004));
#3939=CARTESIAN_POINT('',(0.0116733641211291,-0.0054343449883163,-0.004));
#3940=CARTESIAN_POINT('',(0.0160854298462767,-0.000912872198699581,-0.004));
#3941=CARTESIAN_POINT('',(0.0160854298462767,-0.000912872198699581,-0.005));
#3942=CARTESIAN_POINT('',(0.0160854298462767,-0.000912872198699581,-0.004));
#3943=CARTESIAN_POINT('',(6.93889390390723E-18,6.93889390390723E-18,-0.004));
#3944=CARTESIAN_POINT('',(0.,6.93889390390723E-18,-0.005));
#3945=CARTESIAN_POINT('',(0.,6.93889390390723E-18,-0.005));
#3946=CARTESIAN_POINT('',(0.,6.93889390390723E-18,-0.005));
#3947=MECHANICAL_DESIGN_GEOMETRIC_PRESENTATION_REPRESENTATION('',(#2289),
#3949);
#3948=MECHANICAL_DESIGN_GEOMETRIC_PRESENTATION_REPRESENTATION('',(#2290),
#3950);
#3949=(
GEOMETRIC_REPRESENTATION_CONTEXT(3)
GLOBAL_UNCERTAINTY_ASSIGNED_CONTEXT((#3951))
GLOBAL_UNIT_ASSIGNED_CONTEXT((#3957,#3955,#3953))
REPRESENTATION_CONTEXT('Part 1','TOP_LEVEL_ASSEMBLY_PART')
);
#3950=(
GEOMETRIC_REPRESENTATION_CONTEXT(3)
GLOBAL_UNCERTAINTY_ASSIGNED_CONTEXT((#3952))
GLOBAL_UNIT_ASSIGNED_CONTEXT((#3958,#3956,#3954))
REPRESENTATION_CONTEXT('Part 2','TOP_LEVEL_ASSEMBLY_PART')
);
#3951=UNCERTAINTY_MEASURE_WITH_UNIT(LENGTH_MEASURE(1.E-8),#3957,
'DISTANCE_ACCURACY_VALUE','Maximum Tolerance applied to model');
#3952=UNCERTAINTY_MEASURE_WITH_UNIT(LENGTH_MEASURE(2.E-5),#3958,
'DISTANCE_ACCURACY_VALUE','Maximum Tolerance applied to model');
#3953=(
NAMED_UNIT(*)
SI_UNIT($,.STERADIAN.)
SOLID_ANGLE_UNIT()
);
#3954=(
NAMED_UNIT(*)
SI_UNIT($,.STERADIAN.)
SOLID_ANGLE_UNIT()
);
#3955=(
NAMED_UNIT(*)
PLANE_ANGLE_UNIT()
SI_UNIT($,.RADIAN.)
);
#3956=(
NAMED_UNIT(*)
PLANE_ANGLE_UNIT()
SI_UNIT($,.RADIAN.)
);
#3957=(
LENGTH_UNIT()
NAMED_UNIT(*)
SI_UNIT($,.METRE.)
);
#3958=(
LENGTH_UNIT()
NAMED_UNIT(*)
SI_UNIT($,.METRE.)
);
#3959=PRODUCT_DEFINITION_SHAPE('','',#3961);
#3960=PRODUCT_DEFINITION_SHAPE('','',#3962);
#3961=PRODUCT_DEFINITION('','',#3965,#3963);
#3962=PRODUCT_DEFINITION('','',#3966,#3964);
#3963=PRODUCT_DEFINITION_CONTEXT('',#3977,'design');
#3964=PRODUCT_DEFINITION_CONTEXT('',#3978,'design');
#3965=PRODUCT_DEFINITION_FORMATION_WITH_SPECIFIED_SOURCE('','',#3969,
 .NOT_KNOWN.);
#3966=PRODUCT_DEFINITION_FORMATION_WITH_SPECIFIED_SOURCE('','',#3970,
 .NOT_KNOWN.);
#3967=PRODUCT_RELATED_PRODUCT_CATEGORY('','',(#3969));
#3968=PRODUCT_RELATED_PRODUCT_CATEGORY('','',(#3970));
#3969=PRODUCT('Part 1','Part 1','Part 1',(#3973));
#3970=PRODUCT('Part 2','Part 2','Part 2',(#3974));
#3971=PRODUCT_CATEGORY('','');
#3972=PRODUCT_CATEGORY('','');
#3973=PRODUCT_CONTEXT('',#3977,'mechanical');
#3974=PRODUCT_CONTEXT('',#3978,'mechanical');
#3975=APPLICATION_PROTOCOL_DEFINITION('international standard',
'ap242_managed_model_based_3d_engineering',2020,#3977);
#3976=APPLICATION_PROTOCOL_DEFINITION('international standard',
'ap242_managed_model_based_3d_engineering',2020,#3978);
#3977=APPLICATION_CONTEXT('managed model based 3d engineering');
#3978=APPLICATION_CONTEXT('managed model based 3d engineering');
ENDSEC;
END-ISO-10303-21;
